movie_id,award_id
H1,aw
H2,
H3,
H4,
H5,
H8,H
H10,
H11,
H13,
H14,
H16,H
H17,
H18,
H19,H*
H22,
H23,H*
H24,
H25,H
H28,
H30,
H32,W50
H33,"AA, AAN dir, H****"
H34,"H****, AAN"
H36,
H37,H***
H39,"H**, AAN dir"
H42,"H**, AAN, AAN dir"
H43,H***
H44,H**
H46,
H50,H**
H51,"H***, AAN dir"
H52,aw
H57,H*
H61,
H65,H**
H79,H***
H80,
H81,H**
H82,H*
H83,H*
H40,
H41,
H55,
H58,
H59,
H60,
H63,
H66,
H67,
H68,
H70,
H72,
H74,
H75,
H76,
H77,
H78,
WKD10,Docu
ALu1,
ALu2,
ALu3,
ALu4,
ALu5,
ALu6,
ALu7,
ALu30,
ESP10,
ESP11,
ESP12,H***
ESP16,
ESP17,
ESP25,
ESP26,
ESP27,
ESP30,
ESP31,
ESP32,
ESP33,
ESP34,
ESP40,
GMs2,
GMs4,
GMs6,
GMs8,
GMs12,
GMs20,
WHa1,
WHa8,
WMc10,aw
ThE10,
JaC1,
JaC7,aw
JaC10,aw
JaC12,aw
JaC15,aw
JaC20,aw
JaC23,aw
JaC25,aw
JaC33,aw
JaC40,aw
GKS60,
LMi1,
LMi23,
LMi35,
Z0210,aw
Z0220,aw
Z0230,aw
Z0240,aw
Z0250,aw
Z0260,aw
Z0270,aw
Z0280,aw
EiC10,aw
GdL10,aw
MCs2,aw
MCs10,aw
GlS10,aw
ISB10,aw
ThB10,aw
ThB30,aw
ThB50,aw
ThB55,Dram
ThB70,
ThB80,aw
UgF10,aw
UgF12,aw
APv10,aw
APv11,aw
LcP15,aw
OrM10,aw
ThI10,
ThI20,H-
ThI40,H***
ThI60,H-
ThI65,
WmH10,aw
ADw5,
ADw6,
ADw17,H**
ADw22,
ADw27,
ADw41,H*
ADw60,aw
ADw70,H
ADw72,
ADw75,
ADw80,
AEG25,
AEG37,
AEG39,H*
AEG41,H*
AEG50,
JCw16,aw
JCw44,aw
JCw47,aw
JCw50,H
JCw51,aw
JCw57,aw
JCw61,"H**, AAN, [47]"
JCw62,"F77,H**, AAN"
JCw63,aw
JCw64,aw
JCw65,aw
JCw68,aw
JCw69,aw
JCw70,aw
JCw73,aw
JCw75,aw
MaT10,aw
MaT27,aw
MaT40,
LoW3,
LoW5,
LoW5,
LoW10,
LoW11,
LoW20,
LoW21,
ME40,aw
ME60,
MEl130,aw
MEl150,aw
ME180,
ME200,aw
ME240,H
ME270,aw
ME300,aw
MSe10,aw
MSe18,aw
MSt10,aw
MSt20,aw
MSt30,H*
MSt40,
MSt50,
MSt55,
MSt60,aw
VSj1,aw
VSj3,aw
VSj5,aw
VSj7,H*
ElR10,aw
NOx10,aw
NOx20,aw
AcG10,aw
BuG10,aw
CDM0,Musc
CDM1,aw
CDM3,aw
CDM5,aw
CDM7,aw
CDM10,aw
CDM11,aw
CDM12,aw
CDM13,aw
CDM15,
CDM16,
CDM17,
CDM18,aw
CDM32,aw
CDM44,aw
CDM45,
CDM52,
CDM54,
CDM55,aw
CDM59,"AAN,H**"
CDM60,aw
CDM64,
CDM68,-H
CDM70,H**
CDM73,H**
CDM77,H
CDM80,"AAN, H*"
GBS10,aw
GBS20,aw
GBS30,aw
GBS40,aw
GBS42,aw
GBS90,aw
GBS93,H
GBS95,H
GBS96,H
GBS97,H
GBS100,H
GBS102,H
GBS103,H
GBS110,H
GBS115,aw
GBS120,aw
GBS130,H
GBS132,H
GBS140,H-
GBS144,H
GBS145,H
GBS150,H
BHd10,aw
DGP1,aw
HBn5,aw
HBn8,aw
HBn10,aw
HBn12,aw
HBn21,aw
HBn25,aw
HHS3,
HHS8,
HHS9,
HHS12,
HHS13,
HHS14,
HHS15,
HHS16,
HHS22,
HHS24,
HHS26,
HHS28,
HHS36,
HHS38,
HHS48,
HHS50,
PW1,aw
PW2,aw
PW3,aw
PW4,aw
Z4215,aw
Z4220,aw
Z4222,aw
Z4225,aw
AK1,aw
AK40,
AK45,aw
AK50,
AK57,
AK58,aw
AK59,aw
AK78,aw
AK90,[47]
CC1,aw
CC43,H*
CC50,
CC62,
CC64,H***
CC66,H*
CC68,
CC72,
CC73,"NFR, H***"
CC75,"AAN, H*"
CC76,"H***, CC\#10"
CC79,"F25, H***"
CC80,aw
CC80,aw
CC82,aw
CC83.,aw
CGl10,aw
CGl25,aw
CGl35,aw
CGl42,aw
CGl44,aw
CGl46,aw
CGl48,aw
CGl55,aw
CGl70,aw
CGl75,aw
CGl85,aw
CGl95,aw
CGl103,aw
CGl107,aw
CGl115,aw
CoC10,
CWl10,aw
El9,aw
El13,aw
El15,aw
EL21,aw
EL28,
EL29,
EL31,H**
EL32,aw
EL33,aw
EL34,aw
El35,aw
EL36,aw
EL37,aw
EL38,
EL39,aw
EL40,aw
EL41,aw
EL44,
EL46,
EL48,aw
EL49,
EL51,"H**, AAN, AAN dir"
EL52,
EL54,
EL55,
EL57,H****
EL58,aw
EL60,
EL61,
EL62,
EL64,"H***, AAN"
EL67,"F20,"
EL68,"AAN, AAN dir,H***"
EL69,
PFo10,aw
PFo15,aw
PFo20,aw
PFo25,aw
ReB8,aw
ReB10,aw
ASa14,aw
ASa29,aw
ASa30,H
ASa31,H*
ASa34,H
ASa39,H
ASa41,aw
ASa47,aw
ASa50,aw
ASa51,aw
ECa10,aw
ECa20,aw
ECa30,aw
ECa50,aw
ECa55,aw
ECa60,aw
ECa64,
ECa65,H*
ECa75,aw
GD1,
GD2,
GD3,
GD7,
GD10,
GD13,
GD19,
GMf20,aw
GMf21,aw
GMf40,aw
GMf60,aw
GMf70,
GuS10,aw
IGA30,
IGA40,
IGA50,H
IGA60,
IGA70,
JGE10,aw
JGE18,aw
JGE20,
JMa30,
JMa60,H
JMa70,aw
LaW10,aw
LFl30,aw
LFl50,aw
LFl70,aw
RaW2,H***
RaW13,
RaW20,
RaW24,
RaW40,
RaW41,aw
RaW44,aw
RaW59,H***
RaW60,
RaW61,
RaW62,aw
RaW64,H**
RaW65,aw
RaW66,H**
RaW70,
RaW72,H
RaW73,H
RaW74,aw
RaW75,aw
RaW77,aw
RaW80,aw
RaW81,aw
RaW82,H
RaW85,H
RaW93,aw
SG10,aw
SG15,aw
SG20,aw
SG25,aw
SG30,aw
SG33,aw
SG35,aw
SG37,aw
SG40,aw
SG43,aw
SG45,aw
SG50,aw
SG54,aw
SG55,aw
SG60,aw
SG65,aw
SG66,aw
SG69,aw
SG70,aw
SG71,
WDT17,aw
WDT19,aw
WDT20,aw
WDT27,aw
WDT31,aw
Z1510,aw
Z1512,aw
Z1514,aw
Z1516,aw
Z1518,aw
Z1520,aw
Z1522,aw
Z1524,aw
Z1526,aw
Z1530,aw
Z1532,aw
Z1536,aw
Z1538,aw
Z1540,aw
Z1542,aw
Z1544,aw
Z1546,aw
Z1548,aw
Z1550,aw
Z1552,aw
Z1556,aw
Z1562,aw
Z1564,aw
Z1566,aw
Z1568,aw
Z1570,aw
Z1572,aw
Z1576,aw
Z1578,aw
Z1580,aw
AB1,aw
AB2,aw
AG10,
AG20,H****
AG50,
AG65,
AG70,
HK1,aw
HK10,aw
HK20,lc
HK25,H*
HK30,
HK50,"AAN, H**"
HK56,H
HK58,H**
HK63,aw
HK66,"H***, AAN"
HK67,"AAN, H***"
HK71,aw
HK72,aw
HK75,aw
HK76,aw
HK77,AAN
HK79,aw
HK80,aw
HK82,"H***, AAN"
HK83,aw
HK89,H**
HK91,"AAN, H*"
HK92,H
HK94,
JqF2,aw
JqF4,aw
JqF10,aw
JqF20,aw
JqF25,aw
JqF30,aw
JqF40,H**
JqF60,aw
MaN30,aw
MaN40,
SFr42,aw
SFr43,H*
SFr46,aw
SFr50,aw
WDM3,aw
WDM5,aw
WDM10,aw
WDM20,aw
AbA10,aw
AlW60,H***
BsK10,
BsK12,
BsK13,
BsK14,
BsK15,
BsK25,
BsK26,
BsK27,H***
BsK32,
BsK35,
BsK37,H**
BsK39,
BsK40,H***
BsK52,
BsK55,
BsK58,
BsK59,
BsK70,
BsK82,
BsK90,
BsK91,
BsK95,
FbM10,aw
FLl4,aw
FLl7,aw
FLl10,aw
FLl20,aw
FLl30,"H*, AA dir"
FLl40,"H, AAN"
FLl50,aw
FLl59,AA
FLl62,N**
FLl80,H*
FLl85,
GM190,H**
GM200,H****
GM210,H***
GM220,aw
GM222,
GM223,
GM224,H*
GM225,
GM226,aw
GM227,H
GM230,aw
GM237,H*
GM238,
GM242,aw
GM305,H*
GM310,H
IF15,
IF43,
IF73,aw
IF75,
IF76,aw
IF77,"AAN, AA dir, H***"
IF79,H**
IF81,aw
IF83,H**
IF86,"H****, AAN, AAN dir"
IF87,"H***, [47]"
IF90,aw
IF91,H***
IF94,
IF98,H***
IF99,
IF101,aw
IF106,AA
IF108,H*
IF109,aw
IF111,AAN; H**
IF112,"H**, CC#6"
IF113,aw
IF115,H**
IF120,aw
IF125,H
ISR5,
ISR10,
ISR30,
RAB10,
RAB11,
RAB12,
RAB13,
RAB14,
RWN2,aw
RWN20,H*
RWN28,H**
RWN34,H*
RWN36,H*
RWN38,H*
RWN41,aw
RWN44,H*
RyB9,
RyB10,H*
RyB11,aw
RyB14,H*
ViS5,
ViS53,
ViS58,aw
ViS60,
ViS84,H*
ViS86,H**
ViS87,
ChB2,aw
ChB5,aw
ChB9,
EvS1,aw
EvS2,aw
EvS3,aw
EvS5,
EvS6,
EvS7,H**
EvS8,aw
FrN2,aw
FrN3,
FrN4,
FrN5,H*
FrN8,H***
FrN9,aw
FrN11,H
IMS10,aw
IMS20,H*
IMS30,H**
IMS35,W50
IMS40,aw
IMS50,H*
IMS60,H
IMS70,aw
JKm10,aw
KV23,NFR
KV24,
KV25,H*
KV26,"H***, AAN dir"
KV27,aw
KV28,aw
KV31,aw
KV32,aw
KV34,aw
KV36,aw
KV40,H*
KV41,
KV43,H*
KV50,H*
KV58,H**
KV62,
KV64,"AAN, dir"
TB10,aw
TB15,aw
TB34,H
TB35,H*
TB40,aw
TB45,
TB50,aw
TB55,H*** [8]
TB60,H**
TB70,aw
WAS50,aw
WAS70,aw
WAS80,aw
WAS82,H
WAS83,H*
WAS90,aw
WAS95,H*
WAS110,aw
WAS115,H
WAS120,aw
WAS125,H
WAS130,aw
WvD34,
WvD38,aw
WvD50,
WvD51,"F57, H****, AAN, AAN dir"
WvD53,"H**, AAN"
WvD54,
WvD58,
WvD60,H**
WvD64,[47]
WvD67,H**
WvD70,H
WvD72,H
WvD75,
WvD78,aw
WvD79,H*
AlP50,H
C30,aw
C40,aw
C65,aw
C76,aw
C87,aw
C89,
C94,H*
C98,aw
C101,aw
C102,aw
C104,"AAN, H**"
C109,aw
C112,"H****, AAN"
C113,"H***, AAN, AAN dir"
C117,
C119,H***
C120,
C121,H***
C122,H**
C123,HD**
C124,H**
C126,
C127,"AA, AA dir, H****, AFI77 \#3, CC\#3, TMA producer"
C129,aw
C131,H
C134,AAN
C135,aw
C143,H*
C157,aw
C171,H*
CBa30,H-
CBa40,H*
CBa45,H
CBa50,H
FL4,aw
FL8,H*
FL9,aw
FL11,H***
FL12,H***
FL14,aw
FL17,aw
FL18,aw
FL19,H***
FL20,
FL23,H**
FL24,Susp
FL26,
FL28,H**
FL29,H**
FL30,H*
FL35,H*
FL40,aw
FL41,aw
FL43,aw
FL44,aw
FL45,aw
FL46.,aw
FM3,H***
FM4,H***
FM6,H**
FM7,H**
FM9,aw
FM10,aw
GAr50,aw
GAr58,H
GAr59,H*
GAr60,aw
GAr80,H
GF30,aw
GF31,aw
GF40,aw
GF60,aw
GF70,aw
GF90,H*
GF150,H**
GF160,H*
GAr100,
HB30,
HB50,
HB60,
HB70,
HB80,H* AA
HB85,aw
HB86,aw
HB90,aw
HuF10,
JuD2,
JuD3,aw
JuD5,aw
JuD6,aw
JuD7,aw
JuD8,H**
JuD9,
JuD10,
JuD11,aw
JuD11,aw
JuD12,
JuD13,
JuD15,aw
JuD16,H*
JuD19,
JuD20,
JuD34,aw
RhS1,
RhS15,
RhS20,H-
RhS30,aw
RhS35,aw
RhS40,aw
RiO10,aw
RiO25,aw
RiO30,aw
RiO40,aw
RiO42,aw
RiO50,aw
RW1,H***
RW10,aw
RW20,aw
RW30,aw
CBw9,H**
CBw10,
CBw15,H
CBw18,"H*, AAN dir"
CBw19,H
CBw22,"H**NYC, NY"
CBw26,aw
CBw27,aw
CBw29,H**
CBw30,
CBw31,H*
CBw32,
CBw33,H**
CBw35,
CBw36,H***
CBw37,H**
CBw40,aw
CBw41,
CBw42,H*
CDr2,
CDr5,aw
CDr9,H*
CDr10,
CDr40,
CuB30,aw
CuB32,aw
CuB33,aw
CuB34,aw
CuB37,
CuB39,aw
CuB40,"H*, RFP"
CuB44,H
FB15,H*
FB21,aw
FB21,aw
FB27,"AAN, H**"
FB29,H*
FB39,
FB40,
FB42,H*
FB43,
FB45,H**
FB51,
FB61,aw
GCt20,aw
GCt21,
GCt27,aw
GCt30,aw
GCt40,aw
GCt30,aw
GCt50,
GCt60,aw
GCt70,aw
GRi10,aw
GRi50,aw
HBl20,aw
HWx4,aw
HWx5,H*
HWx9,H
HWx10,H
HWx11,aw
HWx17,H**
HWx20,H*
HWx21,H
HWx45,H*
HWx47,
HWx50,aw
HWx54,H
HWx60,
JWH10,
JWH12,
JWH13,
JWH14,
JWH20,
JWH30,
JWH40,"NFR,H****"
JWH48,H***
JWH60,-H
JWH70,H**
JWH75,
JWH80,"F65, H****"
JWH100,H
LD1,aw
LD2,aw
LD3,aw
LD4,aw
LD5,aw
LD6,aw
LPo10,aw
RoF10,
RoF20,H**
RoF30,H**
SW6,
SW7,[47]
SW8,
SW13,H*
SW15,H***
SW17,
SW18,"H**, AAN, AAN dir"
SW19,H**
SW21,"H****, AAN, AAN dir"
SW28,
SW30,H
SW31,aw
SW32,aw
SW33,aw
SW34,aw
VF17,
VF23,"H*, AAN"
VF25,H-
VF26,aw
VF32,aw
VF33,H***
VF36,H**
VF38,
VF39,H
VF41,"H**, AAN"
VF42,aw
VF45,[8]
VF46,
VF47,H
VF48,H
ViH20,H***
AdB20,aw
AdB21,H*
AnD10,aw
EdS50,H***
EdS60,
EdS70,
EdS75,
PRo30,
PRo55,
PRo83,
PRo86,
PRo90,
PRo93,
PRo96,
RaI50,Susp
RaI55,-H
RaI60,H-
RCS10,aw
RxI10,
RxI20,
RxI30,
RxI40,aw
RxI50,aw
SaT4,
SaT5,
SaT6,
SaT8,
SaT9,
SaT10,
SaT12,aw
SaT13,aw
SaT17,Dram
SaT20,aw
VMa20,
Z2110,
CBy10,aw
DMu2,aw
DMu10,aw
FNm10,aw
HL2,aw
HL8,aw
HL20,aw
JEp5,aw
JEp13,aw
JEp16,aw
JEp20,aw
JEp31,aw
LuB15,aw
LuB20,aw
LuB21,
LuB40,
SeH20,aw
SeH48,aw
SeH60,aw
WR20,aw
WR31,aw
WR40,"AA, AAN dir,H*"
WR42,
WR60,aw
WR70,aw
WR80,H*
WR86,H*
WR110,aw
WR112,
WR115,aw
WR120,H**
AGe10,aw
AGe20,aw
AC6,H*
AC7,aw
AC8,H***
AC9,
AC20,H*
BtK10,aw
CMt10,aw
GHl7,"AAN, H**"
GHl8,aw
GHl9,H*
GP3,H*
GP4,
GP6,
GP9,
GP11,
GP13,H**
GP14,
GP18,
GP21,
GP25,
GP28,aw
GP100,
KGr10,H-
KGr30,aw
KGr50,
KMz20,aw
KMz25,aw
KMz40,
KMz50,aw
KMz55,aw
KMz60,aw
KMz70,
KMz80,aw
MRa1,aw
MRa2,aw
MRa3,
RC1,
RC2,aw
RC3,
RC5,H***
RC5,
RC9,Kael
RC10,H****
RC12,
RC13,[47]
RC18,H***
RC20,
RC22,aw
RuJ8,
TWh1,H***
TWh20,H*
TWh24,aw
TWh25,H**
TWh30,aw
TWh35,aw
TWh40,aw
TWh41,H
TWh45,H*
TWh50,H*
TWh60,
TWh62,
WiB25,aw
WiB30,aw
WiB50,aw
WiB100,aw
WiB180,
WiB183,
WiB199,H
HSt1,aw
W30,"AA, H*"
W38,H-
W40,
W41,H-
W50,H***
W55,H
W56,
W60,H*
W70,aw
W78,H*
W80,aw
W83,"AAN, H**"
W85,aw
W90,aw
WWo10,H**
WWo20,
Z2310,
GLp10,aw
GLp15,aw
GLp17,aw
GLp30,aw
FeL1,aw
JR1,
JR5,
JR10,aw
JR15,aw
JR20,H*
JR25,"F100, H***"
JR30,aw
JR33,aw
JR35,aw
JR40,aw
JR50,aw
JR55,
JR60,aw
JR65,
JR75,H**
JR77,H*
JR90,aw
JR94,aw
JR96,aw
JR100,aw
JR105,aw
JR110,aw
PlL1,
PlL3,
SET1,aw
SET8,aw
SE1,
SE3,H***
SE4,"H****, judged best film ever made"
SE10,
SE20,H****
WKH1,aw
WKH10,aw
WKH14,aw
WKH20,aw
WKH30,aw
WKH35,H*
WKH44,H
WKH45,aw
WKH50,[47]
WKH52,aw
WKH60,aw
AJG50,H**
ArF10,aw
ChR13,
ChR20,aw
ChR30,aw
ChR40,aw
ChR50,H*
ChR60,
ChR70,aw
ChR80,aw
CLa40,aw
CLa60,aw
CLa65,aw
CLa70,aw
CLa75,aw
CLa80,aw
CLa90,aw
CLa110,H*
CLa114,H
CLa115,H*
CLa117,
CLa120,
CLa150,
EAD10,H**
EG3,H*
EG6,aw
EG11,"AA, H**"
EG14,aw
EG16,H**
EG17,"H**, AAN"
EG18,aw
EG19,aw
EG21,aw
EG24,aw
EG25,H*
EG20,H*
EG27,aw
EG28,H
EG30,aw
ESl10,aw
ESl30,aw
GLC2,aw
GLC3,aw
GLC4,aw
GLC6,aw
GLC9,aw
GLC11,
GLC12,
IGB10,aw
IGB20,aw
IGB30,aw
IGB40,
IGB45,
IGB50,H***
IrC51,
IrC55,aw
IrC56,
IrC60,
IrC66,
IrC67,H*
IrC73,
IrC74,
IrC76,
IrC77,
IrC79,
IrC80,
IrC81,H*
IrC86,H*
IrC89,
IrC95,H
LM2,H
LM4,AA
LM11,H
LM12,aw
LM16,aw
LM17,H***
LM20,H*
LM22,H*
LM29,
LM32,H**
LM100,
LM110,H*
PSl10,aw
S1,aw
S3,aw
S5,"AAN, H**"
S9,H****
S10,"NFR, H***, AAN dir"
S11,aw
S12,H**
S14,H*
S15,H***
S16,aw
S17,
S18,aw
S21,
S22,aw
S23,
S24.,
ThD20,
ThD28,
ThD30,H****
ThD35,
ThD36,
ThD40,
ThD45,V(Ken~Adam)
ThD50,H*
ThD55,
WW12,
WW23,H*
WW30,H*
WW38,aw
WW41,
WW43,"AAN, H***"
WW44,"H***, AAN"
WW46,"AAN, AAN dir, H****"
WW47,H**
WW48,"AAN, H***, AAN dir"
WW54,AA
WW60,H
WW61,aw
WW63,"H****, AA, AA dir"
WW64,"AAN, AAN dir, CG****"
WW65,AAN dir
WW66,H**
WW67,"AAN, AAN dir, H**"
WW73,H*
WW69,aw
WW80,H***
WW81,"AA, AA dir, H**"
WW82,aw
WW83,aw
WW84,aw
WW85,"H**, AAN"
ACa10,aw
ACa17,aw
ACa20,aw
ACa46,aw
ACa50,H****
ACa60,H**
ACa62,aw
ACa64,aw
ACa66,aw
ACa70,aw
ACa80,aw
ACa90,aw
ACa95,H-
AM8,aw
AM12,aw
AM15,H*
AM16,aw
AM18,H**
AM20,aw
AM21,aw
AM23,H*
AM29,H**
AM31,H**
AM35,H**
AM36,H**
ASR25,aw
ASR35,aw
ASR38,aw
ASR40,H*
ASR42,aw
ASR45,aw
ASR51,aw
ASR59,aw
ASR65,aw
EBS02,aw
EBS03,aw
EBS20,aw
EBS40,aw
EBS50,H****
EBS60,
EBS70,aw
EBS90,
FC1,aw
FC10,aw
FC15,
FC17,
FC21,aw
FC22,H**
FC23,
FC24,"H***, AAN, AAN dir"
FC25,"F18,H****, AA, AA dir"
FC26,"AAN dir, H***, AAN"
FC27,"H****, AAN"
FC30,AAN Dir
FC34,"F98, H***"
FC35,"H****, AAN, AAN dir, CC\#4"
FC40,
FC101,aw
GMy10,
GMy20,aw
Gmy25,"H*, venice dir CCVN"
GMy45,H*
GuB10,aw
HH9,H**
HH12,H***
HH13,H*
HH14,H*
HH19,aw
HH21,"H***, F05"
HH22,H**
HH23,"F16, H****"
HH28,H***
HH29,H*
HH30,
HH31,H**
HH32,aw
HH33,aw
HH34,H*
HH37,H*
HH39,aw
HH40,aw
HH41,aw
HH42,aw
LlB11,aw
LlB21,H*
LlB32,aw
LlB35,"NFR, H***"
LlB36,aw
LlB37,aw
LlB40,H**
LlB50,H*
LlB53,aw
LlB55,H*
LlB57,H***
LlB59,aw
LlB62,aw
LlB64,H
LlB67,
LlB80,aw
LlB83,H
LlB85,CG***
LlB90,
LlB95,H*
LlB97,
LlB100,
MlW5,
MSC10,aw
RlW10,aw
RVL6,aw
RVL8,aw
RVL14,
RVL16,H*
RVL17,H**
RVL28,H***
RVL30,H**
RVL32,H*
RVL34,aw
RyT40,aw
RyT50,aw
RyT55,H
VsP20,aw
VsP30,aw
VsP40,aw
VsP50,aw
WlD3,aw
WlD5,H***
WlD6,
WlD7,
WlD9,
WlD10,
WlD15,H*
WlD18,H
WlD19,H***
WlD20,H
WlD25,
WlD29,H*
WlD33,AA
WlD34,
WlD35,H**
WlD36,H****
WlD37,H***
WlD38,H**
WlD42,aw
WlD43,H**
WlD45,lc
WlD49,"Romt,Fant"
WlD51,"Actn,Romt"
WlD53,H
WlD54,aw
WlD55,aw
WlD58,H*
WlD59,aw
WlD61,H*
WlD65,aw
Z5510,aw
Z5512,aw
AJs1,
BuB10,
ByH5,H
ByH8,H*
ByH12,aw
ByH15,H*
ByH25,aw
ByH26,aw
CBm40,aw
CBm60,H**
CBm90,aw
DaB3,H*
DaB4,H
DaB5,aw
DaB11,H*
DaB17,H*
DaB19,H**
DaB20,H*
DaB21,H***
DaB23,H
DaB26,aw
DaB28,"H*, CG**"
DaB29,aw
DaB31,aw
DaB32,aw
DaB33,
DaB35,aw
DAz2,
DAz5,H-
DAz6,aw
DAz17,aw
DAz21,H*
DAz23,H*
DAz27,aw
DAz35,aw
DMD1,aw
DMD10,aw
DMD25,H****
DMD40,H
DMD50,H*
DzV50,aw
FTu7,
FTu19,H**
FTu20,"H**, [47]"
Ftu23,H
Ftu25,H**
FTu30,aw
FTu60,H
FTu80,aw
HDA6,aw
HDA7,H*
JTg1,aw
JTg4,
JTg7,
JTg13,aw
LoM6,H*
LoM12,
LoM17,
LvK10,
LwS90,aw
LwS100,aw
LwS130,
LwS150,H*
LwS166,aw
LwS180,H
MDK10,aw
MLR4,H****
MLR6,H
MLR7,H*
MLR6,aw
MLR10,aw
MLR11,aw
MLR12,H*
MLR14,H***
MLR15,aw
MLR16,H
MLR17,H*
MLR19,aw
MLR20,aw
MLR22,H**
MLR25,aw
MLR28,aw
MLR29,H**
MLR32,H*
MLR33,aw
MLR34,aw
MLR40,H*
MLR43,H*
MLR46,aw
RFl3,H
RFl10,
RFl28,
RFl33,H*
RFl40,
RFl50,
RFl70,
RFl100,aw
RFl101,aw
RFl102,aw
RFl103,aw
RFl104,aw
REn6,H**
REn18,H*
REn32,
REn35,aw
REn40,aw
REn45,H*
REn53,H**
REn55,H
REn60,H
RWa10,H*
RWa12,H
RWa50,H***
RWa65,H
RWa72,H*
RZL5,aw
RZL15,
RZL16,aw
RZL17,aw
RZL19,H*
RZL22,H*
RZL23,aw
RZL25,H*
RZL26,H***
RZL35,aw
RZL39,H
TeW15,aw
VrS10,aw
VrS15,aw
VrS20,aw
VrS23,aw
VrS24,H**
VrS26,
VrS27,
VrS28,
VrS30,
VrS31,
VrS32,
VrS34,
VrS40,
WRu10,H***
MAr15,
WLa18,H**
WLa23,H*
WLa24,H
WLa27,H**
WLa28,
WLa29,H**
WLa33,aw
WLa38,H**
WLa40,aw
WLa41,aw
WLa42,"AAN, AAN dir, H*"
WLa43,H**
xDo10,aw
YOz7,
YOz8,
YOz9,
YOz11,
YOz12,
YOz15,H-
YOz16,
YOz20,
YOz22,
YOz40,
YOz45,
YOz50,
YOz55,H-
YOz65,H-
YOz75,H-
YOz85,
YOz95,H-
FeF12,-H
FeF8,H*
FeF80,aw
FeF85,aw
GRv10,aw
GzB1,
HLa30,aw
HLa40,aw
HLa50,aw
HLaD55,
HLa60,
HLa65,
HLa70,aw
HLg1,aw
IvM10,
LB1,
LB2,aw
LB14,H**
LB18,aw
LB19,aw
LB24,aw
LB26,H*
LB28,aw
LB30,H*
LB32,
LB34,
LB35.,
LeJ2,aw
LeJ6,aw
LeJ8,aw
LeJ10,H
LeJ11,aw
LeJ12,H*
LeJ16,aw
LeJ26,aw
LeL20,"Cannes Peace prize, H[1]"
LeL25,aw
LeL30,Baer-G
LeL35,aw
LuH10,H*
MKv10,aw
MKv15,aw
MKv20,aw
MKv35,aw
MKv40,aw
MKv45,aw
MKv50,aw
NT10,aw
NT20,"AA dir, AAN"
NT30,
NT31,H*
NT32,H
NT36,H*
NT44,H*
NT45,H*
NT50,H*
NT55,H***
NT60,"AAN, AAN Dir, H**"
NT75,
NT80,
NT85,aw
NT90,aw
NT94,aw
NT95,aw
NT100,aw
NT105,aw
NT110,H*
NT120,H
NT121,H
NT127,H
NT128,
NT130,
NT135,aw
NT140,aw
NT145,aw
RTh3,H**
RTh4,H
RTh5,aw
RTh6,H**
RTh7,H*
RTh8,H
RTh9,
RTh11,
RTh12,H*
RTh15,
RTh25,
RTh26,
RTh27,aw
RTh30,aw
RTh32,
RTh35,H*
RTh37,
RTh52,"Venice, Italy"
RTh58,
TG8,aw
TG15,H*
TG16,aw
TG17,aw
TG22,H*
TG27,
TG30,H*
TG39,
TG42,aw
WaF10,H****
WaF15,H***
WaF20,H*
WaF25,H*
WaF35,H*
WaF40,H**
WaF45,aw
WaF48,
WD1,
WD2,
WD102,H****
AD10,
AD40,H**
AD50,
ArR10,aw
BVi5,aw
BVi10,aw
BVi12,H
BVi20,aw
CJu10,aw
DGz10,aw
ELa10,aw
FRJ30,H*
GgA3,
GgA8,aw
HnS10,aw
HPo10,aw
ICr4,H
ICr5,
ICr6,H
ICr10,H*
ICr15,aw
ICr16,aw
ICr19,H**
ICr24,aw
ICr25,H**
ICr28,H**
ICr35,"H***, AAN"
ICr36,
ICr40,H*
ICr42,H
IFD20,aw
IFD50,aw
IyT10,aw
JdL10,H
JdL12,H*
JGr5,aw
JGr15,aw
JGr18,aw
JGr23,aw
JGr30,aw
JS1,
JS5,aw
JS36,aw
LiB2,aw
LiB3,aw
LiB4,aw
LiB5,aw
LiB6,aw
LMC13,H*
LMC14,H**
LMC16,"H***, AAN"
LMC18,"AA, AA dir, H**"
LMC19,"AAN, AAN dir, H**"
LMC23,aw
LMC24,aw
McR10,aw
McR40,aw
McR50,aw
McR60,aw
McR90,aw
MkD3,aw
MkD5,aw
MkD7,aw
MkD10,H***
MkD12,H***
MkD17,aw
MkD20,aw
MkD35,aw
MkD47,aw
NoL8,aw
NoL28,aw
NoL30,H
NoL32,aw
NoL34,aw
NoL45,-H
NoL48,aw
NoL52,aw
PJ12,
RM1,H***
RM2,
RM3,
RM4,
RM5,
RM6,H***
RM--,
RM7,aw
RM9,
RM10,aw
RM11,
RM13,H*
RM14,
RM15,H**
RM16,H*
RSi2,aw
RSi14,aw
RSi17,aw
RSi20,H**
RSi29,
RSi31,aw
RSi40,aw
RSi41,aw
RSi45,aw
ThF5,aw
ThF6,aw
ThF11,H
ThF17,H*
ThF25,H
ThF30,aw
TRu10,aw
WeK10,aw
WTh3,H
WTh5,aw
WTh10,H*
WTh18,aw
WTh19,aw
WTh23,classic
xGa10,aw
Z4910,aw
Z4911,aw
Z4914,aw
Z4915,aw
Z4917,aw
Z4920,aw
BDn5,aw
BDn7,
BDn9,aw
BDn11,aw
BDn13,aw
BDn20,aw
GBW10,aw
GC1,aw
GC2,
GC3,aw
GC4,
GC5,
GC7,H*
GC8,H**
GC10,aw
GC11,"F45, H***"
GC12,"H***, AAN, AAN dir"
GC13,"H****, AAN"
GC14,
GC15,"AAN, H*"
GC17,H***
GC18,
GC21,"H****, AAN, AAN dir [8]"
GC22,H**
GC23,H*
GC24,
GC27,aw
GC28,
GC29,"H**, AAN dir"
GC30,"NFR,F44, H***"
GC31,H
GC32,
GC33,"F59, AAN,AAN dir"
GC35,
GC36,
GC37,
GC38,aw
GC39,aw
GC40,aw
GC41,"RFP, H*"
GC43,
GC45,H*
GC46,
GC48,"AA, H***"
GC49,
GC52,H
GC53,
GC54,"H, CG**"
HAA10,aw
HAA15,aw
HHu1,H****
HHu2,H*
HHu3,aw
HMF10,aw
HMF20,
HMF22,
HMF25,
HMF30,
HoH10,aw
HPC10,aw
IB8,aw
IB14,aw
IB16,
IB17,
IB18,
IB20,H*
IB22,
IB30,
IB101,
IB102,
IB105,
IB106,
IB107,
IB108,
IB109,
IB111,
IB112,
IB113,
IB150,
JC1,
JC9,H**
JC10,aw
JC11,aw
JPa7,H***
JPa8,H*
JPa9,H*
JPa10,H***
JPa14,H**
JPa40,H-
JVi10,H**
JVi11,
JVi21,aw
JVi23,
JW1,H*
JW4,H****
JW6,aw
JW10,aw
JW11,H***
JW16,aw
JW18,H*
LSw10,"golf links, USA"
MOp3,aw
MOp4,H*
MOp5,aw
MOp11,aw
MOp14,aw
MOp15,aw
MOp16,"NFR, H****"
MOp18,aw
MOp19,H***
MOp20,aw
MOp21,H*
MOp22,aw
MOp30,aw
MSa6,"H****, AAN"
MSa7,"H****, AAN"
MSa9,
MSa10,H**
MSa12,H*
MSa16,aw
MdO10,aw
MdO30,aw
MdO60,aw
MdO62,aw
MdO70,aw
MdO75,aw
MdO81,aw
MdO87,aw
MdO105,aw
MdO111,aw
MdO115,aw
MdO121,
NGr10,H
NGr20,H*
RMi8,aw
RM110,aw
SGB30,aw
SGB50,aw
SGB60,H
SGB75,aw
SGB90,aw
SGB110,aw
SGB120,aw
SGB130,aw
SlD10,aw
Z1210,aw
Z1120,aw
CWi10,aw
ELC2,
ELC200,
ELC202,
ELC203,
ELC204,
ETG10,aw
ETG12,aw
FNK2,aw
FNK6,aw
GeK1,aw
GeK10,H
GeK20,H
GeK25,aw
GeK30,aw
IAg10,aw
IAg12,aw
IAg10,aw
JNm25,H*
JNm32,
JNm40,H**
JNm60,
JNm62,
JNm63,
JNm64,
JNm67,
JNm69,
JuW10,
J.White,\Ct
JWR2,aw
JWR7,aw
JWR8,aw
JWR9,"mil.inst, France; airplanes; T(1916)"
JWR12,H*
JWR13,H
LHe2,
LHe4,
LHe30,
MAl2,
MAl5,aw
MAl13,H
MBa10,aw
MBa25,aw
MBa27,H*
MBa32,aw
MBa40,aw
NML4,H**
NML5,"F29, H**"
NML10,H*
NML20,aw
NML21,H
NML22,
NML23,H***
NML24,H**
NML31,H
OrL10,aw
OsM10,aw
StW7,H
StW9,H
StW10,H*
StW13,aw
WCM3,aw
WCM22,H*
WCM32,H
xFl10,aw
YAl3,aw
YAl10,aw
EDF10,aw
AL2,aw
AL8,aw
AL9,aw
AL10,H**
AL11,aw
AL12,H**
AL14,H***
AL16,H**
AL20,aw
AL21,aw
AL22,"mental hospital, USA"
AL23,aw
AL26,H**
AL27,H
AlH8,H**
AlH10,aw
AlH21,H*
AlH22,H
AlH23,H*
AlH24,H***
AlH27,aw
AlH30,H*
AlH36,
AlH38,H
ARs10,aw
CMF1,H
EaK10,aw
EaK30,aw
EaK50,H
EaK51,
EaK60,
EBz5,aw
EBz10,aw
EBz15,aw
EBz20,aw
EBz25,aw
EBz35,
EBz40,aw
EBz45,aw
EBz46,H
EBz50,aw
EBz60,aw
EBz65,aw
EBz70,aw
EBz75,
EBz80,
ElN2,H
ElN3,aw
ElN5,H*
ElN7,H*
ElN8,H***
ElN11,H*
ElN13,"F74,H*"
ElN14,H***
ElN15,H*
ElN20,H
ELM8,
ELM15,H*
ELM17,aw
ELM19,aw
ELM21,aw
ELM26,H*
ELM29,H
ELM31,aw
ELM33,aw
ELu10,aw
ELu20,H*
ELu25,aw
ELu30,H
ELu34,aw
ELu39,aw
ELu49,H
ELu50,aw
ELu60,aw
FBu5,aw
FBu8,aw
FBu10,aw
FBu12,aw
FrW1,
FrW10,H
HBH25,
HBH30,aw
HBH31,H**
HBH35,
HBH40,aw
HBH45,
HBH50,aw
HBH55,aw
HBH60,aw
HBH70,aw
HBH75,H
HeE3,aw
HeE10,aw
Hha5,Bagdad
IrP1,
IrP3,
IrP12,H**
IrP15,AAN H**
IrP17,aw
IrP18,H*
IrP19,H*
IrP21,H*
IrP24,aw
IrP27,H*
IrP34,aw
KFr1,"H**, [47]"
KFr10,aw
KuN4,H
KuN12,H
KuN40,
KuN45,
KuN46,
KuN49,
KuN14,H
LeR5,aw
LeR15,aw
LeR25,aw
MGe10,aw
MGe12,aw
MGe50,aw
OP8,
OP10,
OP12,aw
OP14,aw
OP15,H*
OP17,
OP20,H*
OP21,aw
OP23,aw
OP24,"NFR, H*"
OP28,aw
OP29,aw
OP30,"H**, AAN"
OP31,aw
OP32,aw
OP33,aw
OP34,aw
OP35,aw
OP40,H
OP44,
OP50,H
OP48,
PCz10,aw
PCz20,aw
PCz25,H*
PCz30,H*
PCz35,aw
PCz50,aw
PCz60,aw
PCz65,aw
PCz70,aw
PPr5,aw
PPr10,aw
RoS3,H*
RoS4,aw
RoS11,H*
RoS13,H*
RoS15,
RoS50,
RoS51,
RoS52,
RoS53,
RoS54,
RoS55,
RoS60,H*
RoS68,H*
RoS70,
RoS80,aw
RoS85,H*
RoS90,"H***, AAN, AAN dir"
RoS92,aw
RoS94,H*
RoS95,H
RoS98,H**
RoS100,H
RoS110,aw
RoS112,H
SLa3,
SLa10,
SLa15,aw
SLa18,H*
SLa19,aw
SLa20,H***
SLa30,(H*)
StR5,H**
StR8,aw
StR10,H*
StT10,aw
VHa10,H**
VrM10,aw
VrM20,aw
VrM30,aw
VrM40,H****
VrM42,H**
VrM45,aw
VrM50,aw
VrM52,aw
VrM60,aw
VrM80,aw
WmK8,aw
WmK11,aw
WmK14,aw
WmK15,H
WmK18,[47]
WmK25,aw
WmK27,
WmK31,aw
xTo10,aw
ZK1,aw
Zk5,H**
ZK7,aw
Z3210,aw
BW1,
BW4,"NFR, H****, AAN, AAN dir"
BW5,"H****, AA, AAdir"
BW7,H**
BW8,"AAN, AAN dir; H***"
BW10,
BW11,AAN dir
BW12,
BW13,aw
BW14,
BW16,"F02,H***, AAN dir"
BW17,"AA, AA dir, Z*"
BW18,
BW19,H*
BW21,H*
BW25,Scotland
BW30,H
CAL10,aw
CAL20,H***
CAL25,H*
CAL30,aw
CAL35,aw
CAL40,aw
CAL45,aw
CAL46,aw
CAL50,aw
CAL55,aw
CAL60,aw
DeD18,H*
DeD30,H*
DeD40,aw
DeD42,H**
DeD52,
DeD55,
DeD60,H
DeD61,
DeD62,H**
DeD65,H*
DeD67,
DeD70,
DeD75,
DeD77,
DeD80,
DeD83,
EuF1,
EuF10,
EuF30,
EuF40,
EuF50,
EuF51,
EuF53,
EuF55,
EuF57,
EuF59,
EuF60,aw
FSt10,aw
FSt20,H*
FSt24,aw
FSt26,aw
FSt28,aw
FSt30,aw
FSt32,aw
FSt34,aw
FSt36,aw
FSt38,aw
FSt40,aw
FSt42,aw
FSt44,aw
FSt46,aw
FSt48,aw
FSt50,aw
FSt54,aw
FSt56,aw
FSt58,aw
FSt62,aw
FSt64,aw
FSt66,aw
FSt68,aw
FSt72,aw
FSt74,aw
GSt1,
GSt3,
GSt3,H
GSt4,H**
GSt5,H*
GSt6,aw
GSt10,aw
GSt18,AA dir
GSt19,"AAN, AAN dir, H**"
GSt20,
GSt30,aw
HRo5,aw
HRo10,
JBL10,aw
JBL20,aw
JBL30,aw
LlF10,H***
MCC12,"H*, [47]"
MEp5,aw
MEp10,aw
ML1,aw
ML8,H*
ML9,H**
ML10,aw
ML12,H**
ML13,H***
ML18,aw
ML20,aw
ML23,aw
ML24,aw
ML32,Baer-G
ML30,
ML39,aw
RMk10,H**
xCm10,aw
xCm20,H*
ABW5,aw
ABW10,aw
ABW15,aw
ABW20,aw
ABW25,aw
ABW30,aw
ABW35,aw
ArL9,aw
ArL17,H
ArL22,H*
ArL26,H
ArL28,H*
ArL29,H*
ArL39,H
ArL43,aw
ArL46,aw
ArL55,aw
ArL58,H
ChE1,
ChE2,H*
CdG1,H***
CR5,aw
CR9,aw
CR10,H***
CR12,H***
CR13,aw
CR14,H***
CR15,H****
CR16,aw
CR17,AAN dir; H***
CR18,"AAN dir, H****"
CR24,H*
CR27,AA dir
DBr5,aw
DBr10,H
DSk10,aw
DSk15,H-
DSk20,aw
DSk25,aw
DSk30,aw
DSk32,aw
DSk34,aw
DSk35,aw
DSk37,aw
DSk38,aw
DSk44,aw
DSk46,aw
DSk49,H**
DSk50,aw
DSk58,aw
DSk62,aw
DSk66,CG***
EGU1,H*
EGU17,H*
EGU18,
EGU20,NFR
EGU21,
EGU27,
EGU40,
EGU70,
EGU84,aw
GAv10,
GMe10,Musc
GvM7,aw
GvM10,aw
GvM12,aw
GvM13,aw
GvM14,aw
HY10,H
HY20,H
LeG23,
JN2,H
JN3,H**
JN7,aw
JN9,aw
JN10,AAN
JN12,H**
JN13,aw
JN14,PRF
JN15,
JN16,H
JN19,H*
JN20,H**
JN22,aw
JN23,H*
JN25,H
JN31,H
JRa10,aw
JRa12,aw
LoS2,"F87, H***, AAN"
LoS3,
MhR1,aw
MhR5,
MhR10,
MhR15,aw
MhR20,aw
MhR25,aw
MPa1,
MPa3,-H
MPa4,aw
MPa5,H*
MPa7,
PaM10,aw
RWB10,H**
RWB15,aw
RWB20,H*
RWB25,
RWB30,aw
RWB33,aw
RWB35,aw
RWB38,aw
RWB54,aw
RWB56,aw
RWB60,aw
RWB65,aw
RWB67,aw
RWB69,aw
RWB77,H
RWB82,
ThA10,
BBe1,H**
BBe14,aw
BBe19,aw
BBe20,aw
BBe21,aw
BBe23,aw
BeH2,aw
EdK10,aw
EDm18,H
EDm20,
EDm34,aw
EDm35,H*
EDm37,aw
EDm38,H
EDm39,H*
EDm41,aw
EDm43,H
EDm44,aw
EDm46,aw
EDm54,aw
EDm55,aw
EDm58,aw
GNj1,
GuE10,aw
GWh10,H*
HRv10,H
HJB10,aw
IEn1,aw
IEn10,aw
IEn20,aw
IEn90,aw
IEn180,aw
IEn220,aw
IEn280,aw
IEn310,aw
IHA1,aw
IHA15,aw
IHA23,aw
IHA31,aw
IHA33,aw
IHA34,aw
IHA35,aw
IHA36,aw
JKa10,aw
JKa20,aw
JKa40,aw
JKa47,H
JKa50,aw
JKa55,aw
JKa56,aw
JKa60,aw
JKa70,aw
JPt10,
LoK3,
LoK9,
LoK20,"Ser(Bulldog, 11)"
LoK30,H
LoK50,
PLS10,aw
TWa10,H
xEn10,aw
BDH30,
EMv10,H-
FkS10,aw
FMD10,aw
GDo2,AA
GDo4,H*
GDo18,H*
GDo23,H*
GDo37,H***
GDo39,H
GDo49,H
GDo71,H
GDo76,
GDo78,
GDo79,H**
GDo81,
GDo83,H
GDo92,H
HaF16,aw
HaF23,aw
HaF29,H
HaF35,H
HaF40,aw
HCP1,H*
HCP4,H*
HCP5,
HCP6,H**
HCP10,H***
HCP12,H*
HCP22,H**
HCP24,H***
HeM10,aw
HeM20,H*
HeM40,aw
HKo6,aw
HKo7,aw
HKo9,aw
HKo10,H*
HKo12,H*
HKo18,"AAN, RFP"
HKo21,H**
HKo22,H*
HKo23,H
HKo24,H***
HKo29,"AAN, H**"
HKo30,H
HKo36,
HKo39,H
HKo41,H*
HKo43,H*
HWa1,aw
HWa5,aw
HWa9,RFP
HWa10,aw
JFll,H
LaH10,aw
LeS80,aw
LeS90,
LeS100,
LeS110,
MC2,
MC3,
MC4,aw
MC5,H***
MC6,H*
MC8,aw
MC9,aw
MC11,aw
MC15,aw
NF1,
NF3,
NF4,
NF6,
NF7,bnw
NF9,
NF10,
NF12,
NF13,
NF14,
NF16,H***
NF21,H*
NF27,aw
NF29,
NF30,
VtH5,
VtH10,H*
VtH15,
VtH20,
VtH23,
VtH25,
VtH30,
WCl1,aw
WCl5,aw
WCl12,aw
WCl14,
WCl15,
WCl16,
WCl18,
WCl19,H
WCl21,aw
WCl22,aw
WCl28,
WCl29,
WCl30,
WCl31,
WFo15,
WlH10,aw
xWi1,
AKi1,
AKi20,aw
AKi30,
AKi40,
AMx1,aw
AMx5,aw
GrR3,H***
GrR4,H
GrR5,H
GrR6,H**
GrR7,H*
GrR10,H*
GrR12,aw
GrR15,H**
GrR22,aw
GrR32,aw
IBt4,aw
IBt5,aw
IBt10,aw
IBt11,aw
IBt12,aw
IBt18,aw
IBt21,aw
IBt24,H***
IBt27,aw
IBt33,aw
IFa8,aw
IFa10,aw
IFa13,aw
IFa14,H*
IFa18,H**
IFa24,H
IFa25,H*
IFa32,H*
IFa34,H*
IFa39,aw
IFa45,H
IFa50,
JPH2,H**
JPH10,H
GeS15,H
GeS25,
GeS27,H
GeS50,
HDc1,aw
HDc6,H**
HDc10,aw
HDc20,aw
HDc30,aw
HDc40,
HDc50,
HDc56,aw
HDc70,aw
JMu3,Delluc
MP2,aw
MP4,H****
MP7,aw
MP9,aw
MP11,aw
MP13,H***
MP18,
MP20,
MP25,
MP35,H*
MP47,
NNo1,(H*)
NNo2,aw
NNo3,aw
NNo4,aw
NNo5,aw
NNo8,aw
NNo11,-
NNo13,aw
OtV10,aw
RfH10,aw
SSS20,
SSS45,H
SSS55,
SSS58,H*
SSS62,
SSS65,
SSS70,
WWn10,H
WWn12,
WWn30,H
WWn35,H*
WWn40,
WWn80,
WWn101,
WWn170,aw
WWn205,aw
WWn300,aw
BKB10,aw
ChJ10,aw
ChJ12,aw
ChJ15,aw
ChJ20,aw
ChJ25,
ChJ30,H* Baer-S
ChJ35,aw
ChJ36,aw
ChJ40,aw
ChJ45,aw
ChJ50,aw
ChJ55,aw
ChJ60,aw
ChJ65,aw
ChJ70,aw
ChJ74,aw
FoB30,aw
FoB70,aw
GaK1,aw
GaK2,aw
GaK3,aw
GaK5,H***
GaK6,
GaK7,H**
GaK10,aw
GaK20,H
GWg13,aw
GWg16,H*
GWg23,H*
GWg24,
GWg25,aw
GWg26,aw
HIL5,
HIL40,aw
JoL1,aw
JoL2,"H***, AAN AAN dir"
JoL3,H**
JoL6,aw
JoL7,aw
JoL8,aw
JoL9,aw
JoL10,aw
LeG5,
LeG10,H
LeG12,H
LeG14,H
LeG16,H
LeG18,H
LeG20,H
LeG22,H
LeG24,H
LeG33,H
LeG36,H
LeG40,H
MaW10,aw
RBS3,
RBS4,
RBS9,
RBS15,H
WlN10,aw
WlN12,aw
xLe10,aw
xMa10,aw
xUc10,aw
AnS15,aw
AnS17,aw
AnS29,aw
AnS31,aw
AnS33,aw
BaS10,aw
ChV2,
ChV8,H*
ChV15,
ChV26,H
ChV35,aw
ChV45,aw
ChV46,H
DFl10,H**
DFl11,H*
HeK5,aw
HeK8,aw
HeK9,
HeK10,
HBu5,aw
HBu8,aw
HBu30,aw
IPC5,aw
IPC25,H*
JqT1,
JqT2,H**
JqT4,H**aw
JqT6,aw
JqT8,H*
JVK10,aw
JVK13,aw
JVK16,aw
JVK18,aw
JVK21,aw
JVK25,aw
JVK27,aw
JVK30,H
JVK35,aw
PGy10,W50
PGy12,aw
PGy16,H
PGy20,aw
RRw15,
RRw20,
RRw25,aw
RRw32,
RRw37,H
TMo6,aw
TMo10,
TMo11,
ThR10,
WMG10,H
Z3910,
BHl10,H
CCb10,H**
CJo20,Comd
CJo30,NFR
CJo40,
ECn10,aw
ECn12,
ECn20,aw
GPa1,H***
IgR5,H*
IgR12,aw
IgR19,H
IHw10,H
JHL6,aw
JHL8,aw
JHL11,aw
JHL12,aw
JHL17,H*
JHL20,
JnD6,aw
JnD10,aw
JnD11,H*
JnD16,aw
JnD21,aw
JnD28,aw
JnD33,H
JnD36,H*
JnD41,aw
OW1,"NYFC, H***, AAN, AAN dir, AFI77 \#2, CC\#1, [47]"
OW3,
OW5,H**
OW8,aw
OW10,aw
OW11,H*
OW12,aw
OW13,aw
PLi10,aw
PS1,H**
PS2,H**
PS3,H****
PS4,H***
PS5,H***
PS6,aw
PS7,"F13, H***"
PS9,aw
PS13,aw
PS21,H*
PS22,H
TBs2,aw
TBs4,aw
TBs6,aw
TBs8,aw
TBs10,aw
TBs12,aw
TBs14,aw
TBs16,aw
TBs20,aw
TBs28,aw
TBs46,aw
TBs48,aw
TBs50,aw
TBs52,aw
xCa10,aw
BaD9,aw
BaD13,H***
BaD16,aw
BaD22,H
BaD25,aw
BaD26,H***
BaD29,H***
BaD35,H*
BBo10,aw
BBo20,aw
BBo27,aw
BBo30,aw
BBo40,aw
BBo50,aw
BSh10,H***
DBy1,aw
DBy2,-H
DBy4,aw
DBy10,aw
DMi10,aw
DMi20,aw
DMi28,H
DMi30,aw
DMi32,H*
DMi45,H*
GSy4,"H**, AAN"
GSy5,lc
GSy7,H***
GSy9,
GSy10,H**
GSy11,H**
GSy16,
GSy17,H**
GSy30,H
GSy40,H*
IrR5,aw
IrR6,
IrR8,H**
IrR10,H*
IrR12,H**
IrR16,
IrR20,aw
IrR27,H*
IrR30,aw
IrR32,Spain; T(1935?)
IrR50,H
IH2,
IH4,H-
IH12,H***
IH14,"AAN dir, H***"
IH15,H**
IH16,"H***, AAN dir"
IH19,H**
IH20,H*
IH22,H*
IH25,aw
IH28,
IH34,aw
IH35,H*
IH38,
IH39,aw
IH42,H
IH43,aw
IH47,"AAN, AAN dir, H*, T90"
IH50,NSFC
KuH10,
KuH25,
KuH29,
LaC10,aw
LaC20,H
LaC25,H*
LaC35,H
LHo3,aw
PaJ2,aw
PaJ2,aw
PaJ5,H***
PaJ12,aw
PaJ18,aw
PaJ22,aw
PaJ26,aw
PaJ28,aw
PaJ55,
PaJ60,
ReC1,aw
ReC5,H
RMp10,aw
RMp13,H
RMp25,aw
RMp28,aw
RMp50,aw
StH5,H**
StH10,aw
StH13,H*
StH18,H*
StH23,H
StH30,H
TTz4,H*
TTz6,aw
TTz8,H*
TTz9,H***
TTz10,aw
TTz11,aw
TTz15,aw
TTz20,aw
VdS2,aw
VdS4,"AA for, H**"
VdS5,
VdS6,
VdS7,H**
VdS8,
VdS13,
VdS14,
VdS15,H*
VdS17,AA for
VdS18,aw
WlM10,aw
xRi10,aw
ALe2,
ALe7,H
AnM16,aw
AnM17,aw
AnM20,aw
AnM24,aw
AnM25,H**
AnM27,AAN
AnM28,aw
AnM30,aw
AnM32,aw
AnM33,aw
AnM35,H*
AnM37,H*
ASj10,aw
ASj15,H*
ASj25,aw
ASj30,aw
ASj35,aw
ASj40,aw
ASj45,aw
ASj50,aw
ChF3,aw
ChF7,"H**, RFP"
ChF10,aw
DL1,AA Special; AAN
DL6,aw
DL7,H**
DL10,H***
DL13,"AA, AA dir"
DL14,
DL16,H**
FZ6,aw
FZ8,H***
FZ8,H***
FZ10,"H****, AAN, AAN dir"
FZ12,"AA, AA dir, H***"
FZ14,"H***, AAN, AAN dir"
FZ15,"AAN, AAN dir, H**"
FZ17,aw
FZ18,AA
FZ20ZZ,
FZ21,
GoA10,aw
HGC2,
HGC3,Venice
HGC5,H**
HGC6,
HGC14,
HGC17,
HGC19,
IRa4,H*
IRa10,(H)
IRa12,(H)
IRa14,(H)
JD7,H**
JD8,H****
JD14,
JD15,"AAN dir, H*"
JD16,B(Euripedes)
JD17,aw
JD25,aw
JD30,aw
JeY5,aw
JeY10,H
JeY30,H
JeY35,aw
JqB10,aw
JqB15,H*
JqB18,aw
JqB20,H**
JqB22,aw
JqB23,aw
JqB25,H*
JqB28,-H
JqB33,aw
JqB38,H*
LAr2,aw
LAr3,aw
LuV2,
LuV3,aw
LuV20,H*
LuV40,aw
LuV50,"Cannes 63, Z*"
LuV60,aw
LuV68,aw
LuV70,aw
LuV80,aw
MiG3,H
MiG5,H
MiG7,H
MiG11,H
MiG13,H
MiG15,H
MiG17,H
MiG21,
MiG23,H
MiG27,H**
MiG29,H
MiG30,H*
MiG32,
MiG35,H**
MiG39,
VSh9,aw
VSh10,H**
VSh15,H***
VSh23,H**
VSh25,H*
VSh27,aw
WFx10,H
xSe10,aw
AkK1,
AkK2,
AkK6,
AkK7,
AkK8,
AkK9,
AkK10,
AkK11,Venice Lion d'or
AkK12,aw
AkK13,aw
AkK14,"H***, Kinema Junpo ""best Japanse Film"
AkK15,
AkK18,aw
AkK19,
AkK20,
AkK21,
AkK22,
AkK23,
AkK24,
AkK25,H*
AkK26,AA for
AkK27,"AA for, Palmep"
AkK28,"H***, AA dir"
AkK29,
AkK30,
AkK31,
ChW2,H*
ChW3,H**
ChW4,H*
ChW6,"AAn dir,H*"
ChW8,
ChW12,H
ChW16,H*
ChW22,> Atlantic Ocean T(1912)
ChW25,H*
FLd5,aw
FLd7,aw
FLd10,H**
FLd15,aw
FLd20,H***
FLd25,aw
FLd27,aw
FLd35,aw
FLd37,aw
FWx15,
FWx18,
FWx20,
FWx30,aw
GSm10,aw
HeL10,aw
HeL23,aw
HeL43,aw
HeL46,aw
HeL50,aw
HSc5,
HSc7,
HSc15,
HSh10,H**
HuJ5,H*
MRs2,aw
MRs4,aw
MRs6,aw
MRs21,aw
MRs25,aw
MRs26,aw
MRs21,
MRs37,aw
PBi10,aw
PHy6,
PHy7,aw
PHy9,aw
PHy12,aw
PHy15,"H, CG**"
PHy20,
PHy25,aw
PHy28,aw
PHy29,aw
PHy31,aw
PHy35,aw
PHy39,aw
RCl1,aw
RCl4,aw
RCl5,"H***, AA for"
RCl7,aw
RCl13,
RtB1,
RtB3,
RtB8,H***
RtB10,
RtB12,B(`trial transcript')
RtB15,
RtB17,
RtB24,
RtB26,
RtB32,
RtB43,
SGi2,aw
SGi3,H**
SGi4,aw
SGi6,aw
SGi8,H**
SGi14,aw
SGi18,aw
VGu10,aw
VGu12,aw
VGu29,aw
VGu34,H**
VGu36,H*
VM3,
VM4,
VM5,H**
VM8,H
VM10,"AA, H****, AAN dir"
VM13,H***
VM15,aw
VM17,aw
VM19,H**
VM21,aw
VM22,"AAN, AA dir, H***"
VM28,aw
VM32,aw
VM33,H
WiC30,aw
WiC50,aw
WiC51,aw
WiC55,aw
WiC60,aw
WiC70,aw
WiC90,aw
Z4310,
AMs20,aw
AMs25,Baer-G
AMs40,aw
AMs50,aw
ChC4,
ChC9,"F63, AA"
ChC11,H***
ChC30,"F14,"
DSy1,aw
EAB8,aw
JeD10,H*
LAl2,H**
LAl4,H
LAl4,aw
LOl1,"H****, AAN, AA Special"
LOl2,AA
LOl3,
MAu10,
PhK4,
PhK7,
PhK25,aw
PhK27,aw
PhK28,aw
PhK33,aw
PhK39,aw
Phk40,aw
PhK42,aw
PhK46,H
PhK50,H*
RBt1,aw
RBt6,aw
RBt17,H*
RBt20,aw
RLB9,H
RLB10,aw
RLB12,H*
RLB22,
RWh8,H
RWh15,H
RWh20,H*
RWh50,
RWi1,H*
RWi3,H***
RWi9,H***
RWi12,
RWi19,aw
RWi24,
RWi25,
RWi28,"AA, AA dir, RFP, H***"
RWi29,H*
RWi31,AA
RWi32,
RWi34,H**
RWi36,H*
RWi37,aw
SNe3,classic
SNe8,
SNe10,-H
xPe10,aw
xPe20,aw
ChD10,aw
CoB3,H
CoB6,"H*, AAN"
DS1,
DS6,H*
DS9,aw
DS10,aw
DS16,aw
DS17,aw
DS27,aw
DS30,R(R)
DS32,H**
DS33,H**
DS35,aw
DS36,H*
DS37,aw
DS38,H
DS40,H
DS50,aw
EK2,aw
EK3,H***
EK4,"AA, AA dir"
EK7,aw
EK10,"AAN dir, H**"
EK11,aw
EK15,
EK18,
EK20,aw
FdC2,aw
FdC14,
FdC16,H
FdC19,aw
FdC23,aw
GS6,H
GS7,"airplane, Germany; T(1950)"
GS9,AA
GS12,aw
GS16,"AAN, AA dir, H***"
HaW4,H**
HaW9,H*
InB1,aw
InB2,aw
InB3,aw
InB4,aw
InB5,aw
InB6,aw
InB7,aw
InB8,aw
InB9,aw
InB11,aw
InB13,aw
InB14,aw
InB15,aw
InB16,aw
InB18,H***
InB20,H***
InB21,"AA, H*"
InB22,
InB23,AA777
InB24,aw
InB25,H*
InB27,aw
InB29,aw
InB31,aw
InB32,H*
InB33,AA ?
InB34,aw
InB35,aw
InB37,aw
IBe4,H
IBe10,-H
IBe16,
MNo10,(H*)
MSf10,
PiG20,aw
PiG30,aw
PiG40,aw
PiG50,aw
PiG70,aw
RHa3,H***
RHa4,"F39, H***"
RHa10,H*
RHa11,aw
RRo1,
RRo5,H*
RRo8,"csd, Italy"
RRo9,aw
RRo12,H
RRo15,aw
RRo16,French; 1/10 best ever
RRo18,aw
RRo20,
WlB10,H
WlB12,
WlB14,H
WlB20,
WRh10,Romt
AxJ6,aw
DuN1,aw
DuN2,aw
GLm10,aw
HaC10,
HRi10,
IMo10,
ISt9,W(P.Sturges)
ISt20,aw
ISt29,H**
ISt30,H*
ISt31,H
ISt33,H**
ISt36,aw
ISt38,H
ISt40,H
ISt42,aw
JLM2,H*
JLM3,aw
JLM6,"AA dir, AAN, H**"
JLM8,H**
JLM10,aw
JLM11,
JLM12,"AAN, H**"
JLM13,aw
JLM14,aw
JLM15,aw
JLM16,H*
JLM17,H[8]
KeA19,H
KeA23,H*
KeA25,H**
KeA26,aw
KeA29,aw
KeA30,aw
KeA31,H**
KeA34,H
KeA43,
LZa10,aw
LZa20,aw
LZa25,aw
MxS10,aw
MxS12,aw
PUs1,aw
PUs2,aw
PUs3,aw
PUs4,
PUs5,H*
PUs6,H
RcF10,aw
RcF12,
RcF20,aw
RcF30,aw
RcF34,aw
RcF40,aw
RiF4,
RiF11,aw
RiF18,H***
RiF20,H**
RiF22,H*
RiF24,H*
RiF26,aw
RiF27,aw
RiF30,aw
RiF33,H*
RiF35,H*
RiF36,H
RiF39,
RiF41,aw
RiF42,aw
RiF47,
RiF48,CG*
RMo1,aw
RMo3,H
WGo10,H
WS1,aw
WS5,aw
AlT10,H
BrW5,
BrW8,aw
BrW10,H***
BrW13,
BrW100,
BrW101,
BVo10,classic
DHa1,aw
DHa2,H
DHa3,aw
DHa5,H
DHa7,H
JaH8,AA
JaH16,
JaH20,H**
JaH24,aw
LGt10,aw
LGt12,aw
LGt23,H** AAN
LGt25,
LGt32,H
LGt33,aw
LGt40,
LGt45,
NR1,H*
NR2,
NR1,H*
NR7,H
NR8,H*
NR10,H*
NR14,aw
NR19,H*
NR20,H*
RoN3,aw
RoN4,aw
RoN5,H**
RoN16,
RoN17,aw
RoN18,aw
RoN28,H
RoN30,H*
RoR1,H*
RoR3,
RoR4,aw
RoR8,"AAN, Z*"
RoR25,aw
GdS2,H*
GdS4,aw
JPM5,H*
JPM10,
JPM15,aw
JPM20,aw
JPM25,aw
TFi3,aw
TFi12,H*
Z4710,
APo10,H***
APo40,
APo43,
BeK10,(H)
CTB15,aw
CTB25,H*
GoP5,aw
GoP12,H
GoP15,aw
GoP25,aw
HCs1,
HCs2,aw
HCs3,aw
HCs4,H
HCs5,aw
HCs6,aw
IGg10,H*
JLo3,aw
JLo4,H*
JLo8,aw
JLo11,H*
JLo13,aw
JLo14,aw
JLo15,aw
JLo17,aw
JLo18,aw
JLo22,aw
JLo23,aw
JLo24,aw
JLo25,H*
JLo26,aw
JLo27,aw
JLo35,aw
JLo30,H
JPL10,H*
JqA10,H*
JqA20,
JqA30,
JqA40,
LCs10,aw
LRF10,aw
LRF15,H
LRF20,H
LRF30,aw
RaT14,aw
RaT16,H*
RaT20,aw
RaT21,aw
RaT22,aw
RaT26,H
RaT30,H
RaT38,aw
RaT42,
RdM8,H**
RdM10,
RdM30,H*
TYg12,aw
TYg17,
TYg20,
TYg25,H**
TYg40,H
WAr42,-H
WAr44,-H
WAr50,-H
WAr54,-H
xAb1,
xFa10,aw
xHu10,aw
ACy10,
ACy14,
ACy16,
ACy20,H
ACy22,
ACy29,
ACy32,
ACy34,
ACy38,H*
AlL2,
AlL3,
CLB10,aw
CLB20,aw
FlM1,aw
FlM1,H
FlM2,aw
FlM4,aw
GFr10,
GFr15,
GFr20,
GFr30,aw
GFr40,aw
GFr50,aw
GFr60,aw
GKe4,
GKe5,
GKe8,"H**, AAN"
GKe9,
HKl17,aw
HKl20,aw
HKl23,H
IGu11,
IGu13,
IGu15,aw
IGu18,aw
IGu21,H*
IGu26,H
IGu28,H***
IGu29,H
IGu33,aw
JpS10,aw
JT1,H***
JT2,"F55, H***"
JT3,"H*, AA for"
JT4,H*
JT5,H
LLa5,
LLa20,aw
LSm10,aw
LSm17,
MCg10,
SaF13,H
SaF20,aw
SM1,
SM3,H****
SM4,H***
SM7,H***
StD4,H
StD24,H*
StD33,H**
StD35,H***
StD41,H**
StD42,
StD45,H*
StD51,H**
StD58,H**
StD61,"F83, H*"
StD72,aw
StD80,aw
WlJ10,aw
WlJ14,H*
ZJu10,aw
FF1,aw
FF2,aw
FF4,aw
FF5,aw
FF6,AA foreign
FF7,GP
FF9,"AA foreign, AAN, AAN dir"
FF12,"AAN dir, H*"
FF13,
FF14,
FF15,"F38, H**, AA for, AAN dir"
FF18,H
FF23,
FF40,
FF50,
GoG10,
HFr18,aw
HFr20,H*
HFr50,aw
HLF10,H
HyC10,H*
IdL1,-H
IdL2,-H
IdL3,H
IdL4,
IdL5,
IdL10,aw
JDh5,H
JG10,aw
JG15,
JLT2,aw
JLT12,aw
JLT15,aw
JLT17,aw
JLT19,H
JLT24,H*
JLT29,H
JLT32,H
JLT34,H
JLT36,aw
JLT39,H
JLT40,aw
JoP2,H
JoP20,H
JoP40,
JoP41,
JoP43,
JoP50,H-
MA2,
MA3,
MA4,aw
MA5,H*
MA6,H*
MA7,aw
MA8,aw
MFr2,H*
MFr5,aw
MFr13,aw
MFr16,aw
MFr20,RFP
MFr23,
MFr29,"H**, AAN"
MFr33,H*
MFr40,aw
MiA6,H**
MiA7,aw
MiA17,aw
MiA21,aw
MiA22,aw
MiA24,aw
MiA27,aw
MiA35,aw
RcB1,H*
RcB3,H*
RcB5,[27]
RcB8,
RcB9,aw
RcB16,"H*, RFP"
RcB17,"AAN dir, H**"
RcB18,
RcB19,aw
RcB21,aw
RSB1,aw
RSB8,aw
ShI15,
ShI20,
ShI40,aw
ShI41,aw
ShI50,Palm
ShI52,
ShI55,
xdH10,aw
Z5010,
Z5020,
AR4,aw
AR5,W50
AR8,
AR10,aw
CrR10,"H-, CR-"
CyE8,
CyE10,
CyE30,H*
CyE40,
DoW5,
DoW10,
DoW15,
DoW51,
DoW80,
DoW81,
DoW82,
DoW95,H
DoW97,
DoW99,
DoW102,
DoW107,
DoW110,
DoW120,
DoW130,
EBe5,aw
EBe7,H
EBe10,aw
GrG10,aw
HKr10,aw
HKr20,aw
HKr30,aw
HrJ14,lc
LBu1,
MZa5,
MZa10,H*
MZa15,
MZa20,
MZa23,H
MZa30,
MZa35,
PaH1,aw
PaH3,aw
PaH50,
PaH51,
PaH52,
PaH53,
PaH54,
PaH55,
PaH60,
PaH106,
PaH108,
PaH109,
PaH110,
PaH112,
PaH113,
PaH114,
PaH115,
PaH116,bnw
PaH117,bnw
PaH118,
PaH119,
PaH120,
PaH121,
PaH122,
PaH123,
PaH124,
PaH125,
PaH126,
PaH127,
PaH128,
PaH215,H
PLo10,aw
RCv10,H*
RPa15,H*
RPa25,aw
RiQ1,aw
RiQ2,aw
RiQ10,aw
RiQ15,H**
RiQ17,aw
RiQ20,aw
RiQ23,
RiQ27,aw
RiQ29,H
RiQ30,
RiQ35,H
RrS10,H
RSn10,AA
RSn100,
CMk11,aw
CMk16,aw
CMk20,aw
CMk30,aw
CMk40,aw
CNy1,H**
CNy15,H
DaM1,H*
DaM6,
DaM7,
DaM10,H*
DaM30,H*
DaM35,H
EMr10,
EMr13,
EMr15,
FrQ10,"AA, H***"
FrT5,H*
FrT7,H
FrT10,H*
FrT13,H*
FrT16,H
FrT20,H
FrT22,H
FrT23,
FrT25,
FrT30,
FrT32,
GH3,H**
GH8,H*
GH12,Z*
GH15,
GH16,H*
GH25,H
GH35,aw
GiF10,aw
HaB1,AAN
HaB3,
HaB5,
HaB20,
HaB24,
HaB27,
HaB35,H
HHo3,H
HHo5,H*
HHo10,H
JHo1,aw
JHo15,aw
JHo20,H
JHo24,H
JHo40,
JmH1,aw
KHu13,aw
KHu15,aw
KHu18,
KHu21,CG*
KHu22,H*
LeK10,aw
LGB10,aw
MuB1,aw
MuB5,H*
NJu3,
PeB2,aw
PeB5,aw
PeB6,H*
PeB10,
PhL10,
PhL12,
PhL13,
PhL15,
PhL16,
PhL19,
PhL21,
PhL100,
PhL124,
PhL125,
PhL135,
xSc10,aw
ADx2,
ADx3,
ADx4,
ADx5,
ADx10,
ADx11,"school, Belgium; town, Belgium"
ADx12,aw
ADx13,aw
ADx14,aw
ADx20,aw
ADx25,aw
ADx30,aw
ADx37,aw
ADx39,aw
ADx45,aw
AFo10,aw
ALv100,
ALv101,
ASu10,H**
CFr10,aw
DkP5,H
DKu1,AAN
DKu5,
DKu10,AAN
EDW10,H
EDW14,aw
EDW22,H
EDW30,aw
EuL30,aw
FFe10,aw
HEs10,"H, CG**"
HoC10,H
JA5,aw
JA10,aw
JHi7,H*
JIv6,aw
JIv8,
JIv11,H
JIv15,H
JIv20,h-
JIv21,
JIv28,H*
JIv30,H**
JIv33,H
JIv37,aw
JIv40,aw
JIv42,aw
JIv45,aw
JIv47,aw
KaS10,aw
KaS14,aw
KaS20,aw
KaS23,aw
KaS25,aw
KaS30,aw
LgC10,aw
LgC30,aw
LiA10,H**
LiA20,H***
LiA30,H**
LiA40,aw
LiA50,aw
MCy3,
MCy5,
MCy11,
NLr10,H****
NuJ1,H*
NuJ2,H*
NuJ3,H
NuJ4,aw
NuJ7,H
NuJ10,aw
RDW7,bnw
RoA3,aw
RoA4,H**
RoA5,aw
RoA7,aw
RoA11,aw
RoA23,H*
RoA25,H*
RoA28,H**
RoA30,aw
RoA32,H*
RoA41,H
RoA45,
RoA57,H
RoA64,
RoA65,aw
RoA66,aw
RoA68,H
SSn1,H
SSn2,aw
StK1,
StK2,
StK3,H**
StK6,H**
StK10,"AAN, AAN dir, H**"
StK15,H*
StK20,
VeS10,aw
VeS30,aw
WoR25,H
AMa10,Korea
AMa50,"H**, AAN"
AMa60,"Cape Kennedy, FL"
AWj5,aw
AWj7,GP dir
AWj10,aw
AWj12,aw
AWj13,aw
AWj16,aw
AWj22,aw
AWj23,aw
AWj25,aw
AWj27,"Lodz, Ploand; T(1890)"
AWj30,aw
AWj33,aw
AWj34,aw
AWj35,aw
AWj37,"H*, BFA"
AWj38,
AWj41,
AWj43,
AWj45,
AWj46,
AWj48,
AWj50,
GGr1,aw
GGr8,H-
GGr9,aw
GGr10,aw
GGr12,aw
GGr18,aw
GSc2,aw
GSc3,aw
GSc4,aw
GSc5,aw
GSc6,aw
GSc14,aw
GSc18,
GSc19,
HLS10,aw
HoK5,
HoK8,
HoK10,CG*
HoK12,H
IIl10,aw
JAl10,aw
JJu10,aw
JWe1,aw
JWe3,H*
JWe5,aw
JWe6,aw
JWe7,aw
JWe12,aw
KoI5,aw
KoI8,aw
KoI10,H***
KoI15,aw
KoI25,aw
KoI30,aw
KoI40,aw
KoI45,aw
KoI50,aw
KoI55,aw
KoI60,aw
KoI65,aw
KoI67,aw
KoI70,aw
LaB10,aw
LNm10,H*
MT10,aw
NKo10,aw
NKo25,aw
PeG3,H
PeG6,CG*
PtF10,aw
SR15,H***
SR20,aw
SR25,aw
SR30,aw
SR35,aw
SR36,H**
SR35,
SR36,
SR38,aw
SR40,aw
SR45,aw
SR50,aw
SR55,Golden Bear
SR60,aw
SR65,aw
SR80,aw
TKg10,aw
xTu10,aw
YvR3,-H
YvR6,
YvR10,H*
ABl10,aw
ASk10,aw
BE4,H
BE7,H*
BE9,H**
BE12,H***
BE16,
BE19,aw
BE23,H
BE30,H
BE34,"F24,H*"
BE37,
BE41,\Tcol
BE45,
BE47,aw
BVS3,aw
BVS10,aw
CoW1,aw
CoW2,aw
CoW3,H*
CoW5,H*
CoW6,aw
CoW7,aw
CSG10,
DeM1,"AA, AA dir, H****"
DeM2,H***
DeM8,"F52, H**"
DeM10,H**
DeM17,H
DeM20,"AAN, H**"
DM100,
DM101,
DM200,
DM230,H
GFj10,aw
GFj15,H
GFj20,aw
GTz3,aw
GTz10,aw
HeH10,H
HeH12,
HVe10,aw
HWo1,
InA10,
InA15,"H, W50"
InA30,aw
InA50,aw
IPa10,aw
JCn1,H**
JCn2,aw
JCn4,aw
JCn6,H**
JuA100,
JuA101,
JuA102,
JuA103,
JuA106,
JuA107,
MvS1,H*
MvS2,H*
MvS3,H
MvS10,H
NPa3,"F61, H***"
NPa10,aw
NPa20,aw
NPS10,aw
NPS15,aw
NPS20,aw
NPS25,aw
PhD1,aw
PhD2,H*
PhD10,aw
PhD15,aw
RAl1,aw
RAl5,aw
RAl20,
RAl50,
RAl55,H*
RAl56,"F34, Palm, NSFC1970, H***, AAN, AAN dir, Z*"
RAl62,H
RAl68,H
RAl69,
RAl70,RE***
RAl71,H*
RAl72,H*
RAl73,"NFR, H**"
RAl76,aw
RAl80,aw
RAl87,"H, GC***"
RAl88,
RAl90,aw
RAl93,AAN dir
RAl95,AAN dir
RAl98,
RAl101,
RAl104,
RCo3,W50
RCo9,aw
RCo13,aw
RCo14,aw
RCo15,aw
RCo23,aw
RCo32,
RCo33,aw
RCo35,aw
RCo37,
RCo38,
RCo43,
RCo45,aw
RCo46,aw
RCo47,
RCo48,
RCo60,
RCo70,
RGt10,
RGt15,
RMl1,H
RSt100,
RSt102,
RSt103,
RSt104,
RSt105,
RSt107,
RSt108,
RSt109,
RSt110,
RSt111,
RSt112,
RSt113,
RSt114,
RSt115,
RSt116,
RSt117,
RSt118,
RSt201,aw
RSt319,
RSt320,
RSt321,
RSt324,
RSt325,
RSt326,Emmy dir
RSt327,
RSt329,
RSt330,
RSt331,
RSt332,
RSt334,
RSt335,
RSt336,
RSt338,
RSt339,
RSt340,
RSt341,
RSt342,
RSt344,
RSt405,aw
RSt441,
RSt442,
RSt445,
RSt446,
SK1,aw
SK6,Z*
SK8,aw
SK12,"AAN, AAN dir"
SK14,aw
SK16,aw
SK20,aw
SK26,(H)
SK30,aw
SuH2,
SuH10,
SuH14,
SuH15,
SuH20,
ToG3,aw
ToG6,H
ToG8,aw
ToG9,aw
ToG10,aw
ToG15,H*
ToG20,aw
ToG22,aw
VDa10,H*
WiF10,H
AbB1,aw
ABd,aw
AVL2,H*
AVL6,aw
AVL7,aw
AVL9,aw
AVL10,-H
AVL11,H
AVL13,CG**
AVL17,aw
AVL19,aw
AVL21,aw
AVL29,aw
AVL30,H
AVL35,H*
CD8,aw
CD11,aw
CD20,aw
CD22,H
CD28,H-
CD31,
CD33,
DMG1,aw
DMG2,
FCk1,
FCk2,
FiC1,H***
FiC3,aw
FiC4,aw
FiC13,
FiC20,aw
FrE10,aw
GeP40,H*
GOw10,aw
GOw15,aw
GOw20,aw
HeD100,
HeD102,
HeD104,
HeD106,
HeD109,
HeD111,
HeD112,
HeD113,
HeD114,
HeD115,
HeD116,
HeD117,
HeD119,
HeD120,
HeD122,
HeD123,
HeD125,
HeD126,
HuC4,aw
HuC1,aw
IML101,
IML102,aw
JaK4,"AA for, Z*"
JNs100,
JNs101,
JNs102,
JNs103,
JNs104,
JNs105,
JNs106,
JNs107,
JNs108,
JNs109,
JNs110,
JNs111,
JNs112,
JNs210,H*
JqR5,aw
JqR10,aw
JqR15,aw
JqR20,aw
JqR23,aw
JqR25,aw
JqR30,aw
JqR35,aw
JqR43,aw
JqR50,aw
JqR55,aw
JuB101,
JuB104,
LMa3,aw
LMa4,aw
LMa5,
LMa6,aw
LMa17,aw
LMa19,aw
LMa24,BFA
LMa26,aw
LMa28,aw
LMa30,AAN
LMa35,
LMa37,
LMa40,aw
MFe10,aw
MFe20,aw
MFe25,aw
MFe30,aw
MFe40,
MR2,H**
MR3,aw
MR4,"H*, Venice Film Festival"
MR7,
MR9,aw
MR12,aw
MR14,H**
MR15,
MR17,H*
MR19,aw
MR25,H
MR29,(H*)
MR30,
MR34,aw
NAC10,aw
RoL59,aw
RoL60,aw
RoV1,H
RoV2,aw
RoV3,H*
RoV5,
RoV7,H
RoV13,H*
RoV15,-H
TPo8,aw
TPo12,H
TPo13,H
TPo14,aw
TPo16,
TPo21,CG*
TPo24,aw
Z5610,
Z5615,
ArH102,
ArH103,
ArH104,
ArH106,
ArH108,
ArH110,
ArH113,
ArH114,
ArH115,
ArH116,bnw
ArH117,
ArH204,aw
ArH205,aw
ArH208,aw
ArH209,aw
ArH210,H**H
ArH211,aw
ArH215,"F85,H*"
ArH218,H
ArH220,H
ArH225,aw
ArH227,aw
ArH236,
ARy10,aw
ARy15,aw
ARy20,aw
ARy30,aw
ARy45,aw
AuJ10,aw
BB3,H
DTa100,aw
DTa101,aw
DTa102,aw
DTa103,aw
DTa104,aw
DTa105,aw
DTa106,aw
DTa212,(H)
DTa215,H*
DTa221,
DTa222,
EMo5,aw
EMo15,aw
EMo17,aw
EMo20,"F84,H*, AAN dir"
EMo25,H
EMo30,aw
EMo40,
FMe10,aw
FMe12,aw
FrR1,aw
FrR11,aw
FrR20,H**
GTh5,aw
GTh10,H
GTh12,
GTh14,
GTh16,
GTh18,
GTh20,
GTh22,
GTh24,
GTh26,
GTh28,
GTh30,
GTh32,
GTh37,
GTh38,
GTh40,
GTh42,
GTh44,
GTh46,
GTh50,
GTh52,
GTh54,
GTh55,
GTh56,
GTh57,
GTh58,
GTh60,
GTh62,
IFr1,aw
IFr4,"H***, Z*"
IFr5,AAN
IFr6,H***
IFr7,
IFr9,aw
IFr14,PU:
IFr18,
IFr19,aw
IFr25,H
IFr30,H
IFr32,aw
IFr33,aw
IFr35,H
IFr50,aw
IFr51,prc
IFr52,
InH2,aw
InH18,aw
InH25,aw
JBC2,aw
JBC3,aw
JBC6,aw
JBC10,aw
JBC12,aw
JBC14,H
JBC16,aw
JBC18,aw
JBC27,aw
JBC30,aw
JBC55,
MiW10,aw
MiW12,H**
MiW13,aw
MiW16,aw
MiW18,aw
MiW20,H
MiW21,
MiW23,
MiW27,aw
MiW30,H
MiW35,aw
MiW43,H
MRe5,aw
MRe7,H
NAA10,aw
RDa1,H*
RDa3,aw
RDa5,H**
RDa8,aw
RDa9,aw
RDa10,aw
RDa21,aw
RDa23,
RMu6,aw
RMu18,aw
RMu19,aw
RMu33,aw
RMu37,H*
RMu46,H
SJF11,aw
SJF19,
SJF20,
SJF21,aw
SJF22,
SJF23,aw
SL1,"H***, AAN, AAN dir"
SL3,H
SL4,
SL7,H***
SL8,aw
SL9,aw
SL14,H*
SL15,H*
SL19,H*
SL20,H*
SL22,aw
SL23,Z*
SL26,aw
SL29,H
SL35,AAN AANdir RW**** H*
SL39,(H)
SL44,aw
SL49,aw
SL50,aw
SL52,
SL53,
SL54,
SL56,
SL59,aw
SL60,aw
SL62,
SS00,aw
SS01,aw
SS02,aw
SS03,state 1st prize
SS04,aw
SS1,
SS2,aw
SS4,
SS5,H*
SS6,"H**, AAN"
SS8,H*
SS13,"H**, AAN"
SS20,aw
SS26,"AA, AA dir"
SS32,aw
SS34,"AAN, AA dir"
SSi115,
WPr10,aw
YMa1,
YMa15,
Z5710,
Z5730,
Z5735,
AN10,H*
AnQ10,-H
ArP1,aw
ArP2,aw
ArP4,
ArP5,"NFR, H****, AAN, AAN dir"
ArP6,aw
ArP10,aw
ArP15,H*
ArP16,H
ArP18,AANdir H*
ArP20,aw
AtR10,aw
BoS50,
BoS61,
BoS62,
BoS70,
BoS75,
BoS80,
ClC1,aw
ClC2,aw
ClC10,aw
ClC11,aw
ClC20,H**
ClC21,aw
ClC22,aw
ClC24,aw
ClC31,aw
ClC35,aw
ClC38,aw
ClC49,
ClC50,
ClC58,
DLR3,
DLR4,
DLR5,H
DLR8,aw
DLR10,H
DLR15,aw
DVs1,
DvS3,H*
FT1,
FT2,"Palm dir, H**"
FT4,H**
FT6,aw
FT7,[8]
FT8,H*
FT9,aw
FT10,
FT10,
FT11,
FT12,aw
FT13,
FT14,aw
FT15,"AA for, AAN dir, H***"
FT16,H*
FT18,aw
FT20,Z*
FT21,France; T(1928)
FT28,aw
FT30,aw
GDu10,aw
IGi10,H
IGi20,H
IrK2,H*
IrK7,aw
IrK10,aw
IrK14,H**
IrK15,H*
IrK25,
IrK27,
IrL10,aw
JCa4,"AAN, AAN dir, H***"
JCa7,H
JCa9,H*
JCv2,aw
JCv4,aw
JCv12,aw
JCv16,H
JFe10,H*
JFe20,H
KRz4,Z*
KRz14,H**
KRz16,aw
KRz25,aw
KRz36,aw
KRz40,H
MBc10,aw
MCm1,"H*, AA for"
MdC10,"AAN, H*"
MPi1,Palm
MPi10,Prix Jean Vigo 1969
MPi13,aw
MPi23,-H
MPi40,
MPi20,
MPi50,
NLl93,
NLl95,
NLl96,
NLl97,
NLl98,
NLl99,
NLl100,
NLl103,
NLl104,
NLl107,
NLl108,
NLl109,
NLl111,
NLl113,
NLl114,
NLl115,
RCu10,aw
SHa6,aw
SHa10,
SHo2,H**
SHo3,
SHo4,H*
SHo6,aw
WWh50,
WWh80,aw
YCh10,
YCh15,
Ych20,
Ych22,
Ych25,
Chahine,\Eg ypt
AnT4,
AnT5,H**
AnT6,
AnT16,
ChH10,
DiD10,aw
DoS5,aw
DoS8,aw
DoS12,H
DoS16,H*
DPt1,aw
DPt3,aw
DPt16,
DPt17,
DPt19,
DPt21,H
DPt23,H
DPt30,
DPt35,aw
DPt36,
DPt37,aw
DPt39,
ERr5,aw
ERr10,aw
ERr12,aw
ERr17,aw
ERr20,"AAN foreign, H*"
ERr22,aw
ERr30,aw
ERr33,
ERr37,
ERr43,aw
ERr45,aw
ERr47,aw
ERr50,aw
ERr52,aw
ERr55,
INw30,aw
INw31,
INw32,aw
INw33,aw
INw60,aw
JLG4,aw
JLG8,aw
JLG9,PU:
JLG10,aw
JLG11,
JLG14,aw
JLG15,aw
JLG16,aw
JLG21,
JLG22,
JLG24,aw
JLG25,aw
JLG30,aw
JLG33,
JLG40,aw
JLG52,aw
JLG55,aw
JLG57,aw
JLG61,aw
JLG63,SU:
JLG65,aw
LeH10,
Leh20,
Leh21,
PlA100,
PlA101,
PlA120,
PWe2,H
PWe4,
PWe6,
PWe10,R(PG)
PWe15,aw
RAs10,aw
RAs20,aw
RuM30,
RuM40,
SB1,
SB2,AA for
SRo1,
SRo2,
SRo3,
SRo4,
SRo20,"H**, Z*"
SRo35,H
SRo39,aw
SRo40,H*
TRs1,H*
TRs3,H*
TRs4,H***
TRs12,"H***, AA, AA dir"
TRs18,
TRs19,
TRs20,
TRs21,
TRs22,H
TRs23,H
TRs25,H
TRs28,aw
VJD1,aw
VJD2,H*
xDe10,aw
ACj110,aw
ACj111,
ACj112,aw
ACj113,aw
ACj115,aw
ACj116,aw
ACj117,aw
ACj119,aw
ACj120,aw
ACj121,aw
ACj122,aw
ACj123,aw
ACj124,aw
ACj125,aw
ACj127,aw
ACj128,aw
BiK10,aw
ClL1,
ClL2,
ClL3,
ClL4,
ClL5,AA dir
ClL6,
ClL8,
ClL9,
ClL11,
ClL12,
ClL13,
ClL15,
ClL16,
ClL17,
ClL18,
ClL21,
ClL22,
ClL25,SE++
ClS10,aw
ClS16,aw
ClS22,aw
ClS25,
ClS31,Aaw
ClS33,aw
ClS36,aw
ClS40,Cesar dir
ClS45,
DuC10,-H
DPo1,
DPo2,
DPo3,
DPo5,
DPo6,
DPo7,
DPo15,"manor restaurant, England"
ECo20,aw
FCo10,
FCo20,
GeR1,aw
GiP10,Z*
GiP20,
GOu10,aw
GOu20,H
GOu30,aw
GOu35,aw
GPl10,H*
GSj1,aw
GSj2,aw
HAG1,aw
IMx10,H
IS1,aw
IS3,H***
IS4,aw
IS6,"AA, H***, Z*"
IS7,
IS10,H**
IS11,H
IS16,-H
IS20,
IS25,
IS29,
IS32,
JL5,H*
JL10,h
JL13,"F46, H"
JL15,H
JqD1,H*
JqD3,aw
JqD4,"H**, GP"
JqD5,aw
JqD6,aw
JqD8,aw
JqD12,aw
JqD15,aw
JqD17,aw
JqD20,aw
JqD22,Grand Prix Nationale
JqD28,aw
JSq10,aw
JWa2,H
LRg10,aw
LSt10,aw
MaB1,aw
MaB10,aw
MaB12,aw
MaB21,aw
MaB28,aw
MBo10,aw
MeW10,aw
MeW30,aw
NOs3,
NOs4,
NOs12,
NOs20,
NOs35,aw
RhL10,aw
RhL13,aw
RhL15,aw
RhL20,aw
RMD10,aw
RRu3,aw
RRu5,aw
RRu7,aw
RRu10,aw
RRu20,"H*, AANdir"
SiA10,aw
StB4,aw
AKj10,
AKj11,
AKj12,
AKj13,
AKj14,
AKj15,
AKj17,
AKj18,
AKj19,
AKj21,
AxS10,aw
BFo2,aw
BFo3,aw
BFo4,aw
BFo6,aw
BFo12,H*
BFo13,H*
BFo14,H
CBl20,aw
CBl25,aw
CBl32,aw
CBl35,aw
CBl40,aw
CBl67,aw
CBl69,aw
CBl70,aw
CBl73,aw
ElP10,
ElP30,
EOB1,H
FrF15,aw
FrF22,aw
FrF28,aw
FrF30,
FrF40,
FrF45,
GeW3,H
GeW5,H*
GnN14,aw
GnN15,aw
GoH50,
GoH51,H*
GoH54,H*
GxR03,aw
GxR05,aw
GxR06,aw
GxR07,aw
GxR10,H
GxR20,aw
GxR10,aw
GxR10,aw
HiT10,aw
HiT17,
HiT18,
HiT30,aw
HiT35,
HrC10,H*
ICs2,aw
ICs3,aw
ICs4,aw
ICs5,aw
ICs6,aw
ICs8,aw
ICs9,H
ICs10,aw
ICs11,aw
ICs12,aw
JoQ10,H*
JRo10,aw
MBd10,H
NKp1,aw
NKp5,aw
NKp10,aw
NKp12,aw
NKp22,aw
NKp30,aw
NKp40,aw
PaP2,aw
PaP10,aw
PaP19,aw
PaP20,aw
PaP25,aw
PaP26,aw
PaP28,aw
PaP32,aw
PaP35,aw
PdB3,H**
PdB10,
PEt10,H*
PMo1,aw
PMo3,aw
PMo5,aw
PMo12,aw
PMo13,aw
PMo15,aw
PMo17,aw
PMo19,aw
PMo20,aw
PMo22,H
PMo27,aw
PlT1,aw
PlT8,aw
PlT10,aw
PlT20,aw
PlT50,aw
PlT60,aw
RDL3,"F40, H****"
RDL4,H***
RDL8,aw
RDL10,aw
RDL11,H**
RDL12,H*
RDL13,H
RDL15,England; T(1500)
RDL18,(H)
RDL19,H
RDL20,H
RDL24,H
RMe5,aw
RoP2,H**
RoP3,aw
RoP5,
RoP7,
RoP9,H
RoP10,aw
RoP15,RE***
RoP20,
SaP4,H***
SaP6,
SaP10,aw
SaP11,H**
SaP15,aw
SaP19,aw
SaP20,H
SaP25,aw
SaP30,CG**
SCl5,aw
SCl10,aw
SeL1,aw
SeL20,aw
SeL26,aw
SeL30,aw
SeL35,aw
SeL55,H**
SlV10,aw
ViM10,aw
ARG1,aw
ARG2,
Ava3,aw
AVa10,aw
AVa12,aw
AVo10,aw
BB6,
BB7,AAN dir
BB8,H*
BB9,
BB10,aw
BB11,"AA, T90, AA dir"
BB15,
BB17,
BtB3,
BtB5,AA for
BtB7,aw
BtB13,aw
BtB15,
BtB19,aw
BtB25,aw
BtB29,aw
BtB32,aw
BGi10,
BGi11,
BGi13,
BGi16,
BGi17,
BGi18,
BGi19,
BGi20,
BGi21,
CJ3,aw
CJ4,H* W50
CJ8,H
CJ9,(H)
CJ10,aw
ElS2,aw
ElS4,aw
ElS10,aw
FPy1,"Z*, H*, AAN dir"
Fpy7,
FPy8,H*
FPy10,(H**)
FPy20,H
FPy22,"H, [27]"
FPy30,
GgE10,aw
GlR10,aw
GlR15,aw
GlR20,aw
GlR25,aw
GRH1,H
GRH3,H**
GRH4,H*
SU:,
GRH5,H*
GRH7,
GRH8,AAdir
GRH9,H*
GRH10,H*
GRH11,H
GRH12,aw
GRH20,RE**
ILb10,aw
ILb12,aw
JsL10,
JPd10,aw
JPd20,aw
JPd26,
LFr10,aw
LHM1,H
LHM3,H*
PY3,
PY4,
PY6,
PY7,"Boston, MA"
PY10,aw
PY11,H*
PY13,aw
PY15,aw
PY19,H
PY20,aw
PY25,RE**+
PY32,
PY37,
RD1,aw
RD7,aw
RD8,aw
RD9,aw
R.Donner,
RD15,aw
RD18,aw
RD20,aw
RD30,aw
RD37,aw
RD41,aw
RoT10,aw
RoT20,aw
RNe1,H*
RNe10,H*
RNe15,CG***
RNe23,H
SP5,
SP6,
SP25,H*
SP31,H*
SP33,aw
SP40,H**
SP45,H
SP49,aw
SP55,"H*, CG****"
SP57,F08
SP61,"AA, AA dir, H**, T90"
SP67,aw
SP68,
SP70,aw
SP75,aw
AMk10,H*
ASe10,H**
AWa1,aw
AWa10,aw
AWa12,aw
AWa13,aw
BdY1,aw
BdY3,aw
BdY6,aw
BoW1,aw
BoW4,H*
BoW6,"Prix special de Jury, Cannes 1971"
BuT10,H
Cdi10,
CuH2,aw
CuH10,
CuH14,aw
CuH20,H
DCh15,aw
FFC2,aw
FFC3,
FFC4,aw
FFC6,H**
FFC8,"BFA, Z*, H**"
FFC10,aw
FFC11,aw
FFC12,H
FFC15,H**
FFC26,
FJS2,H***
FJS3,
FJS5,H*
FJS14,aw
FJS29,H
FJS35,H*
GLt2,
GLt10,H
GLt20,
HvH11,
HvH12,
HvH14,
ILa10,[16]
ILa15,
ILa31,F89
ILa32,"H*, F33"
ILa34,aw
ILa38,H**
ILa50,
ILa55,"kingdom, Africa; Queens, NY"
JaS10,
JaS11,
JaS12,
JaS13,
JaS13,
JaS38,H*
JaS40,H
JaS42,aw
Jas44,
JaS46,"H, W50"
JaS48,H*
JaS56,aw
JaS65,H
JGi10,aw
JLw10,aw
JSn10,Mexico
KgD10,aw
LiW1,aw
LiW6,aw
LiW7,aw
LiW8,
LiW9,
LiW10,Z*
LiW14,
LiW20,aw
LiW25,aw
LiW30,aw
NJ1,
NJ8,H**
NJ12,aw
NJ13,H*
NJ14,aw
NJ15,aw
NJ16,H*
NJ20,H*
NJ25,F90
NJ34,
PdR10,aw
PK3,H
PK6,H
PK7,"AAN, H*"
PK15,
PK22,
RHd2,
RtD10,
RtD13,
RyS10,aw
RyS20,aw
SPv10,H
WHu10,H*
WHu14,aw
WHu17,aw
WHu27,
Whu29,
AII1,aw
AII3,aw
CB3,aw
CB14,
CB15,
CB18,
HaM11,
HGL10,aw
IDk4,aw
IDk6,aw
IDk10,H
IDk30,aw
IDk32,aw
IvP10,lc
IvP15,aw
IvP20,
IvP24,H
IvP27,aw
IvP40,
JEu15,
JGs6,H
JGs20,H*
JGs30,
JGs31,H
KRu2,AANdir H***
KRu3,aw
KRu4,(H*)
KRu6,aw
KRu7,aw
KRu8,aw
KRu10,H*
KRu12,aw
KRu16,aw
KRu25,(RE***)
KRu25,(RE***)
KRu28,
KRu30,
KRu37,
LFa10,aw
LHz15,aw
LHz18,
LHz20,aw
LHz30,aw
LwT10,
LwT20,H
LwT25,aw
LwT30,H
LwT33,(H)
LwT43,
LwT50,
MAp7,
MAp14,
MAp21,
MAp25,RE
MAp27,H
MAp34,
MAp41,
MAp42,
MAp43,
MAp45,
MAp47,
MF2,"AAN for, H*"
MF3,aw
MF4,aw
MF6,H*
MF7,H*
MF8,"H**, AA, AA dir"
MF9,
MF15,aw
MZ1,H*
MZ15,
PTw1,H*
PTw9,
RHn10,aw
RuT30,aw
RuT36,
TyN10,aw
TGA4,aw
TGA8,aw
TGA10,aw
TGA20,AAN
TGA22,aw
WFr10,
WFr11,
WFr12,
WFr13,
WFr14,
WFr33,aw
WFr35,"H***, AA, AA dir, Z*"
WFr36,"H*, AAN, AAN dir"
WFr42,H
WFr60,RE****
WFr70,
WFr75,aw
Z6410,NFR -H
AHb20,
AMD3,aw
AMD10,aw
CCG1,
CCG2,aw
CCG3,"AA for, AAN dir, Palmdir, H***"
CCG4,
CCG5,aw
CCG6,aw
CCG7,"H*, AAN"
CCG8,aw
CCG10,
CCG15,
CCG24,
EtS1,aw
EtS2,aw
EtS3,
EtS5,aw
EtS6,aw
EtS7,aw
FrC1,"AAN, H*"
FrP2,
FrP14,aw
HCo10,
IBo2,aw
IBo5,"AAN, AAN dir, Z*, H**"
IBo7,H
IBo10,aw
IBo20,H
IBo27,H**
IBo30,
IBo35,
IKo1,aw
IKo5,aw
JBH10,H***
JBH20,H
JBH30,
JkH10,aw
JkH20,aw
JTl4,aw
JTl6,aw
JTl7,aw
JTl9,H
KLo15,
KLo17,
KLo40,GP
KLo43,
KLo46,
KLo48,
KLo51,aw
KLo55,
KLo56,
MBe2,
MBe8,
MBe18,
Mbe22,aw
MRv4,aw
MRv6,aw
NoT3,H*
NoT10,H
NoT12,H
NoT15,H
RKp10,AA
SkT1,
SSa10,aw
WaL10,aw
WCo10,aw
WTN12,aw
xDr10,aw
Z6510,
BBw10,H
DrH10,aw
EBy10,aw
EBy20,aw
FBe10,
FZe2,"H*, AAN, AAn dir"
FZe5,aw
FZe7,aw
FZe10,H*
FZe15,
FZe21,
GAd5,
GAd10,
GiG10,H
HbD10,aw
HyA2,
HyA3,
HyA10,H
JAT3,aw
JeH10,H
JM1,AA for
JNe6,
JNe10,aw
JSg5,aw
JSg10,aw
JSg12,aw
JSg20,CG**
JSg22,H
JSg35,
JSk5,aw
JSk7,aw
JSk8,aw
JSk12,aw
JSk15,aw
JSk17,aw
JSk20,aw
JSk25,aw
JuF6,aw
JuF10,aw
JuF18,aw
LBn10,aw
MlC10,aw
MeG4,aw
MeG10,aw
MeG12,H
MeG15,aw
MeG20,aw
MeG40,H
MN2,"F19, AA dir, H***"
MN3,aw
MN4,Z*
MN6,aw
MN8,aw
MN11,H*
MN15,aw
MN22,aw
MN25,aw
MN27,aw
MN28,
MiS2,aw
MiS3,W50
REM5,H*
REM10,aw
RyK10,
RyK12,-H
SeC10,aw
SeC20,aw
SNz10,H**
WKl10,aw
WKl17,aw
WKl19,aw
WKl30,aw
WKl35,aw
WKl40,aw
WKl41,aw
VoS2,aw
VoS22,
VoS26,AA for
VoS30,aw
VoS32,aw
VoS40,
VoS42,
VoS49,
Z6610,NFR -H
Z6620,aw
Z6625,
NPk10,aw
NPk30,aw
ADr10,aw
BnB1,aw
BrS10,aw
BuK5,H**
BuK10,H**
CaR1,H*
CaR5,H*
CaR15,H*
CaR20,H*
CaR21,
CaR24,F78
CaR27,aw
CaR31,aw
CaR35,aw
CaR38,aw
CfO10,aw
CfO20,aw
FrW10,aw
FrW14,aw
FrW18,aw
FrW22,aw
FrW30,aw
FrW50,aw
GSs2,aw
GSs3,aw
IAv4,H*
IAv10,"H**, AA, AA dir"
IAv12,aw
IAv14,aw
IAv16,H
IAv18,
IAv19,
IAv20,
IAv21,
IAv25,aw
IAv27,aw
JrS10,aw
JSi10,H*
JTh10,aw
LaJ5,aw
LaJ13,H
LaJ17,aw
LaJ18,aw
MRt3,aw
MRt5,H**
MRt6,"F81,H*"
MRt7,
MRt8,aw
MRt9,aw
MRt10,aw
MRt11,H
MRt15,aw
MRt18,
MRt25,
MVP5,aw
MVP10,aw
MVP20,aw
MVP22,aw
MVP40,aw
MVP47,aw
PCo4,aw
PCo11,H
PCo12,H
PCo13,H
PCo16,aw
PWi2,aw
PWi3,aw
PWi5,aw
RDh10,aw
ToL1,H
ToL10,H*
WBz5,aw
WBz7,aw
WBz10,aw
WBz13,H
WBz15,aw
WBz17,aw
WBz19,aw
WH3,
WH11,aw
WH30,aw
WH38,GP
ACd10,
AlF10,aw
AHv10,H*; AAN; AAN dir
AnP1,aw
AnP7,H
AnP8,H
AnP18,
BKo10,"ship, Java Sea; T(1883)"
BdP1,
BdP2,
BdP8,
BdP11,H*
BdP12,
BdP13,H*
BdP14,H**
BdP15,aw
BdP16,H
BdP17,H
BdP18,H
BdP19,aw
BdP21,
BdP25,aw
BdP26,aw
BdP30,aw
BdP32,
BzK8,H
BzK10,aw
BzK15,aw
BzK20,H
CPR10,H*
GgD10,H*
GiC10,H
GiC12,H
GRo1,"Z*, H"
GRo7,
GRo12,aw
GRo18,aw
GRo20,
GRo35,
GPi10,aw
GPi13,aw
GuL10,aw
JOC10,H
JfH10,aw
JFr8,aw
JFr12,aw
JFr15,aw
JGo1,aw
JGo10,H
JGo13,H*
JHe10,aw
JiC2,aw
JiC4,aw
JiC10,aw
JiC14,aw
JiC20,H*
JMB1,aw
JMB2,aw
JMB4,aw
JMB5,[27]
JMB7,aw
JRl10,aw
JRl15,aw
JRl20,aw
JrP20,aw
JSt1,beach
KBi5,H
KFu10,aw
KFu30,
MB2,H
MB3,"F27, H*"
MB4,"F37,H**"
MB5,H*
MB6,
MB10,aw
MB15,aw
MB20,aw
MB22,aw
MRy1,H*
MRy5,aw
MRy7,lc
MRy9,aw
MRy10,"H***, AA dir"
MRy21,aw
NoB3,H**
NoB10,CG*
PBo2,aw
PBo3,"AAN, AAN dir, Z*, H***"
PBo5,"F70,H**"
PBo6,H**
PBo7,aw
Pbo8,aw
PBo9,H*
PBo11,"H*, CG*"
PBo15,H**
PBo18,aw
PBo20,
PlB2,H*
PlB12,H*
PlB20,aw
PlB32,
PNe1,NYFCdir
PNe2,aw
PNe3,H
PNe4,aw
SuR10,aw
UlG1,aw
UlG2,aw
UlG3,H
UlG10,H**
WLW10,aw
YYa1,
YYa58,
YYa60,
YYa62,
YYa78,"film, dir"
YYa82,
AlA10,aw
AlA50,aw
AlG11,
ATe2,aw
ATe3,aw
ATe16,
ATe20,aw
BSc2,aw
BSc5,aw
BSc7,aw
BSc9,aw
BSc20,
BSc25,
BSc28,
BSc40,
BSc42,aw
CAm5,aw
CAm7,aw
CAm12,aw
CAm25,aw
CAm30,
DCa5,
DCa10,H
DnH30,aw
HbR6,H*
HbR7,aw
HbR8,
HbR10,
HbR15,aw
HbR17,aw
HbR18,
HbR21,H
HbR30,aw
HbR31,aw
HbR32,aw
HJL10,H
IDx5,H**
IDx10,aw
IWa1,aw
IWa2,aw
IWa7,aw
IWa10,aw
IWa14,aw
IWa20,aw
IWa30,col
IWa35,
IWa40,
IWa45,
JAu8,
JAu10,aw
LHK3,aw
LHK5,aw
LPe3,aw
LPe7,aw
LPe15,CG***
MRr5,
NiR1,aw
NiR2,aw
NiR3,H*** Z*
NiR20,aw
NiR30,
NiR31,aw
NiR40,
NiR42,aw
OuS5,aw
OuS6,aw
OuS10,aw
OuS20,aw
PHt1,
PHt8,aw
PHt13,H
PHt20,H
RA1,aw
RA2,H**
RA3,H**
RA4,aw
RA5,"AA, AA dir, BFA, BFAdir, H***"
RA8,H
RA10,RE**+
RA15,
RA17,
RWF1,aw
RWF2,aw
RWF4,aw
RWF5,aw
RWF6,
RWF7,
RWF8,aw
RWF10,aw
RWF16,H*
RWF18,aw
RWF20,aw
RWF22,H*
RWF23,aw
RWF27,H*
RWF28,H
RWF29,aw
RWF32,
RWF33,H*
RWF35,H**
RWF37.,H
SBg10,
WA2,F21
WA4,H*
WA6,"NFR, F04, AA, AA dir, Z*, H***"
WA7,"H*, AAN dir"
WA8,"BFA, H***"
WA9,
WA10,
WA11,
WA12,"H*, AAN dir"
WA13,"H***, Eberbest Woody Allen"
WA14,"T90, H*, BFA"
WA15,
WA17,AAN dir
WA18,
WA19,
WA20,
WA21,"N.Y., NY"
WA23,aw
WA25,aw
WA26,aw
WA27,aw
WA28,
WiG10,H
xAx10,
xOz10,aw
Z1010,F99
Z6910,NFR -H
Z6930x,aw
Z6940,aw
AML1,H
AyM18,aw
BGH10,H
BGH20,H
BGH26,H
BRf1,"Z*, AAN"
BRf2,"Atlantic City, NY"
BRf4,"H, RE"
BRf20,"H*, Re**+"
BRf32,
BRf38,aw
BRf395,
DaA3,
DaA5,aw
DaA7,aw
DaA9,aw
DaA11,aw
DaA13,aw
DaA18,aw
DaA20,aw
DCs1,
DCs10,
DCs12,aw
DCs15,aw
DCs30,
DCr4,aw
DCr6,aw
DCr10,aw
DCr14,aw
DCR15,H
DCr17,H*
DCr18,aw
DCr19,aw
DCr20,"H*, T90"
DCr22,
DCr25,
DCr30,
DCr35,GP originality
DCr37,
DHe10,H*
DoC2,
DoC7,
DoC10,H
EdA5,
EdA10,
EdA20,
EGC10,
EMa10,H*
EMa15,F62
EMa25,RE+
FKr15,
FKr17,
FKr20,W50
FrB1,
FrB3,
FrB5,
FrB7,
FrB9,
FrB11,AAN 1981
FrB13,AA 1982
FrB17,AA 1988
FrB21,AAN 1994
FSc1,silver Aussie
FSc10,H*
FSc13,aw
FSc15,H*
FSc18,F36
FSc25,
FSc27,
FSc29,
FSc31,aw
GiB10,aw
GiK1,President's Gold Medal
HAs2,H*
HAs3,H**
HAs4,H*
HAs6,AA
HAs7,H
HAs9,
HAs10,H
HWe10,H**
HPr20,H*
JaB2,H**
JaB5,H**
JaB10,aw
JSb3,H
JSb5,H
JSb8,aw
JSb10,H*
JSb13,H
JSb20,CG**
JSb27,RE***
JSb30,
KCo20,H
KCo25,H
LJe2,H**
LJe3,
LJe4,
LJe5,
LKa1,
MS1,aw
MS4,H**
MS5,Z*
MS6,
MS7,H*
MS10,
MS18,"AAN, AAN dir, H*, T90"
MS19,H***
MS20,H**
MS21,
MS22,aw
MS23,aw
MS25,"BFA, BFA dir, AAN dir"
MS30,aw
MS32,aw
MWa4,H
MWa10,H
PaS10,
PeS3,H
PeS10,H-
PFC10,aw
PFC12,aw
PM1,"Z*, H**"
PM2,H
PM3,H*
PM4,Z*
PM5,aw
PM6,aw
PM7,aw
PMa8,aw
PM10,"F100, H*"
PM11,
PM12,
PM15,
RAu10,aw
RBe1,
RBe2,"AAN dir, H*"
RBe3,"AA, AA dir"
RBe15,
RBe19,aw
RFu11,H*
RFu12,H*
RFu20,H
SaD10,aw
ShB20,aw
TAn1,
TAn5,
TAn12,
TAn18,
Tan21,GP
SSg20,aw
ThC40,aw
VME8,H
VME11,H
VME13,H
VME14,H
VME15,H
VME18,H-
WCr5,
WCr6,
WCr10,RE***
WCr15,H
WCr19,aw
WCr22,aw
WCr40,
WCr42,aw
WCr43,aw
WCr44,aw
WCr46,aw
xFr10,aw
Z7110,
AJP1,H***
AJP2,H*
AJP5,
AJP6,aw
AJP15,aw
AJP25,aw
ATa5,
ATa30,aw
AJy10,aw
AJy12,aw
AJy20,aw
CEa1,
CEa2,H*
CEa4,H*
CEa5,
CEa6,H*
CEa7,aw
CEa8,aw
CEa9,H
CEa10,
CEa11,
CEa12,
CEa13,aw
CEa14,
CEa15,
CEa16,"AA, AA dir"
CEa17,
CEa19,aw
CEa21,
CoH1,H*
CoH2,RE***
CoH3,H
CWr10,H*
DaT10,aw
DTr3,H*
DTr10,H
EPe10,H*
FAs1,aw
GgL1,RE***
GgL2,H**
GgL3,"AAN, AAN dir, H***"
GgL5,
GPk10,H*
GPk12,aw
GPk14,H
HJ1,
HJ5,"H, CG**"
HJ7,H
HJ9,aw
HJ12,
HJ14,
HJ18,
HKu10,aw
IBa7,H
IBa9,H*
IBa10,H*
IBa11,aw
IBa12,
IBa13,H*
IBa16,
IBa20,
IBa23,
IHk10,H
IHk20,H
IHk25,H
IHk30,H
JBi10,aw
IvR3,aw
IvR4,F58
IvR6,F47
IvR10,aw
IvR12,aw
IvR14,aw
IvR19,aw
IvR21,aw
JJA7,
JJA15,aw
JJA25,aw
JLr10,aw
JVl10,aw
JVl12,aw
LTu10,H**
LTu30,H
MiL1,aw
MiL4,aw
MiL5,aw
MiL7,aw
MiL9,aw
MiL11,aw
MiL12,aw
MiL17,aw
MiL20,aw
MiL22,aw
MiL24,aw
MiL28,aw
MiL29,aw
MiT1,aw
MiT3,
MiT7,
MiT8,aw
MiT15,
MSL10,CG**
MSL15,H*
MvC10,H
MvC30,H
PDu3,aw
PDu10,aw
PDu10,
PMa5,
PWr2,H*
PWr3,H*
PWr4,aw
PWr5,H*
PWr6,H*
PWr8,"H***, AAN, AAN dir"
PWr10,aw
PWr12,"AAN, AAN dir"
PWr16,
PWr21,AAN dir
RBa2,
RBa4,
RBa5,
RBa6,
RBa7,
RBa8,
RBa12,
RjKd10,
RSa5,H*
RSfl0,
RSf20,H
RSl10,aw
RvP6,aw
RvP9,aw
RvP13,aw
SPo2,H
SPo6,aw
Spo8,H
StF1,aw
StF3,
StF4,
StF5,
StF10,AAN dir
StF12,
StF13,
StF14,
StF17,aw
STy5,
STy10,
BaP10,H
BCl4,H
BCl7,aw
BCl10,"F69, H*"
BIG10,aw
CAN10,aw
DaH2,H
DuW10,aw
EgM10,H
EgM12,H
EuM10,H
FLe10,aw
GCS10,H
GBl10,H
GrD10,aw
HwM10,aw
JeJ10,"Hairport, USA"
JqL10,aw
MeW10,aw
MiK1,aw
MiK2,aw
PBa1,
PBa4,H
PBa6,H*
PBa12,aw
PCr10,aw
PMe10,H*
PMe15,H
PMe30,
PMe32,
PMe36,
PVg10,aw
RAC10,H*
RAC20,CG**
RtY10,
RtY15,aw
RWl10,aw
StM2,aw
WlC10,H
WSt10,H*
AlG10,aw
AlG30,aw
AMy3,
AMy10,CG**
AMy18,
AMy20,
APa5,H**
APa6,BFA
APa7,aw
APa9,aw
APa20,AAN
APa25,
APa30,aw
CSe2,aw
CSe4,aw
CSe6,
CSe10,"AAN,Cesar"
CSe15,
DDu10,H
EdC10,H
GKc1,aw
GKc2,aw
GKc4,H
GlJ10,aw
GlJ60,aw
IMi1,H*
IWo10,aw
IWo15,aw
IWo25,aw
IWo35,aw
IWo37,aw
IWo38,aw
IWo40,aw
JkS5,
JkS10,H
JMP10,aw
KrD10,H
MCi1,H*
MCi2,"AA, AA dir, Z*"
MCi3,aw
MCi10,aw
MiC5,"AA,H**"
MiC11,H*
MiC15,"H*,RE***"
MiC20,H
MiC25,
MMG10,aw
MWu10,aw
PHz10,aw
RbC17,
RbC20,H
RbC30,aw
RCm10,H
RCm15,CG**
RLa1,
RLa2,
ShM5,aw
ShM15,aw
SRd10,
SRd30,AA
TMa1,H***
TMa10,(H)
TMa11,AAN
BbM5,aw
BbM10,aw
BbM19,aw
BbM22,aw
BTv1,aw
BTv2,aw
BTv5,aw
BTv8,aw
BTv9,aw
BTv16,aw
BTv20,aw
BTv24,aw
BTv26,aw
BTv29,aw
DaG3,
DaG6,H
DaG10,
ERz6,
ERz10,
ERz18,
ERz19,
ERz21,H**
GLe10,
GNe5,H
GNe9,aw
GPC23,aw
GPC25,
GPC29,
GPC32,aw
ICa1,aw
ICa3,aw
ICa5,aw
ICa6,aw
ICa8,
ICa9,H
ICa10,aw
ICa20,aw
ICa25,aw
ICa27,
JDe1,
JDe3,H
JDe5,H
JDe8,H
JDe10,H*
JDe14,aw
JDe15,H
JDe25,col
JDe28,col
JDe32,col
JDe35,-
JHr10,H**
JHr20,H
JLe10,H
JMS1,"Z*, H**"
JMS7,aw
JMS9,
JMS12,aw
JSz3,H
JSz4,H*
JSz10,H
JuJ1,H*
JuJ2,aw
JuJ3,
JuJ4,
JuJ5,
JuJ10,H
JuJ15,
JuJ19,
KBu10,AAN
KBu20,aw
KBu22,aw
KBu24,aw
KBu50,
LoG40,
Ph4,aw
LPh10,aw
LPh15,aw
MBn10,
MiD10,aw
MiD20,aw
MLd10,aw
NSi10,aw
PGD10,aw
PGD11,
SBs10,H
StC10,H
StC12,H
StC20,H
StC30,H
ToA10,aw
ToH1,H
ToH10,aw
ToH14,
ToH26,
ToH30,H
ToH40,
VSt10,aw
xGr10,aw
YRa10,aw
Z7410,aw
ClW10,aw
ClW20,aw
DGi10,aw
DRi10,H**
DRi14,H
DRi20,H
HeB3,
HeB5,
HeB12,col
JCT1,H**
JiS10,aw
JKp10,aw
JKp18,H*
JKp30,aw
JKp32,aw
JKp33,
JKp35,
LQJ10,aw
MxA10,aw
NSg10,H
PaC20,aw
PaC24,
RaK5,H**
RaK7,H
RaK8,CG*
RaK9,CG**
RaK10,aw
RKi10,aw
TiG2,aw
TiG3,
TGi4,H*
TGi5,"H*, T90,"
TGi6,
TGi7,
TgG8,
TNu3,H*
TNu10,H
WHl1,aw
WHl2,
WHl4,H CG***
WHl6,aw
WHl10,H
WHl15,aw
WHl30,
WHl32,
WWi10,H
xDB1,aw
ARu4,
ARu10,
ARu20,
ARu28,aw
BaK1,
BaK20,
BeG10,H
BBa1,H
BBa5,
BRB3,H*
BrB10,"AAN, AAN dir, H*"
BrB15,aw
BrB20,AA
BrB21,
BrB22,
BrB25,aw
BrB27,aw
BuR10,aw
BuR14,aw
BuR20,aw
BuR25,aw
CGo10,aw
CkB10,H
ChL1,
ChL2,Cannes Prix de Public
ClM10,aw
ClM12,aw
ClM30,
ClM40,
DnD10,
FDL10,aw
FDL15,aw
GeB3,aw
GeO10,H
HGr5,
IFy10,
IFy20,H
IFy30,
IFy40,
ILn10,H
JFg10,H
JFg20,CG**
JHj10,aw
JoD9,
JoD11,
JoD15,
JoD20,
JoD26,aw
JoD40,
JsF10,H
JsF20,
LIC20,H*
LIC30,H
LIC40,
KSh10,CG**
MAk10,
MLH5,H*
MLH10,aw
MLH20,aw
MLn10,aw
MLu10,CG**
MMi10,H
MMi20,aw
MMi21,H
MSz8,aw
MSz10,CG*
MSz11,H
MSz15,aw
MSz25,aw
MxB10,CG**
RHf10,H*
RHf20,H
RHo1,
RHo5,H
RHo10,"F17,H*"
RHo12,H**
RHo14,
RHo15,
RHo22,
RHo24,
RHo27,
RHo29,AAN
RHo31,aw
RHo34,
RMr10,
SOS10,-H
SRf20,aw
SRf21,H*
TKo19,CG**
TKo22,H
WGi5,H
WGi15,H
WiW12,"H**, BFA dir, [10]"
WiW20,T90
WiW27,aw
WiW29,
Z3410,aw
Z3411,aw
Z3412,aw
Z3414,aw
AsL10,H
ASo1,aw
CBt3,aw
CSr4,aw
CSr5,aw
CSr7,aw
CSr8,aw
CSr10,H**
CSr15,aw
CSr20,aw
CSr25,aw
CSr30,
FrS10,H
HNe12,aw
HNe17,aw
HNe20,CG*
HNe25,H
JBr10,aw
JlS10,aw
JNi1,aw
JNi20,aw
JNi24,aw
JPR10,aw
JPR25,aw
MPr1,
MPr4,
MPr6,H
MPr10,CG*
MPr11,"CG***,H"
MPr25,
OlH1,aw
RBn10,CG***
RCj10,aw
RCj11,
RDo5,aw
RDo10,
RDo20,
RDo26,
RDo28,
RDo30,
RDo32,
RDo36,aw
RMY10,CG***
RMY15,RE***?
RVD10,aw
SCo10,H
SLw10,aw
SRi2,aw
SRi5,aw
SRi6,aw
SRi8,aw
SRi9,aw
SRi10,aw
SRi18,ES++
TAb10,aw
TyH10,aw
UlO10,aw
UlO12,aw
UlO20,aw
UlO25,aw
WLe10,CG*
WSa5,aw
WSa10,aw
AlB10,aw
BuH10,aw
BuH15,CG**
BvH8,aw
BvH10,aw
CBP10,H
CBP12,H
CoA1,aw
CoA10,aw
DDy10,aw
DeJ10,H*
DeJ18,
DeJ20,
DeJ28,
DeJ30,
DeJ32,
DLy1,H
DLy2,aw
DLy5,H
DLy8,T90
DLy10,aw
DLy18,aw
DLy21,
DWr10,H
ErM1,
ErM2,
ErM3,
ErM10,
ErM20,aw
FDG10,H
FGi10,aw
FGi20,aw
FMx10,H
GeM2,aw
GeM5,H
GeM6,aw
GeM15,aw
GeM17,aw
GeM17,aw
IdB14,aw
IdB16,aw
ICd10,H
HgS10,aw
HoZ10,H*
HoZ12,H
HoZ14,aw
HoZ23,
HoZ24,
JCm5,aw
JCm10,aw
JCm13,aw
JCm20,aw
JCm25,aw
JCm28,"GG, GG dir, AA, AA dir"
JHy10,aw
JTo1,aw
JTo2,aw
JTo3,H
JTo5,
JTo7,
JTo15,
LBe1,aw
LBe3,aw
LBe5,aw
LBe10,aw
LCh4,H*
LCh10,RW**+
LCh15,
PSc1,H*
PSc10,H*
PSc12,H
PSc20,H
PSc30,
PSc32,
PSc35,aw
PSc39,aw
PSc41,
RBu10,CG**
RFi10,
RHy10,H*
RiL10,aw
RiL14,aw
RiL15,aw
RKl10,aw
RoE10,H*
RS1,H*
RS2,
RS3,aw
RS8,H*
RS9,
RS11,aw
RS14,aw
RS20,
RS26,aw
RS28,aw
SRa5,H
TCh1,F64
TCh2,H
TCh3,aw
TCh4,aw
TCh5,aw
ToZ20,aw
WaG10,aw
WBe1,"AAN, AAN dir,H*"
WBe10,
Z7820,
Z7840,aw
Z7850,Hist
AAl6,H**
AAl10,H
AAl20,
AAr10,CG***
AAr20,CG*
ABr1,
ABr2,aw
ABr3,"F67, RE****"
ABr4,aw
ABr9,
AlC10,
AlC20,"Delluc, Cesar, Cesar dir"
BaB10,aw
BWN1,
CiS10,
DLD10,aw
EWS4,aw
EWS10,aw
FWa10,H
GiA10,aw
GiA20,aw
GiA30,aw
GiA32,aw
GiA35,aw
HBe1,aw
HBe2,aw
HBe10,
HBe15,
HBe18,aw
HBe20,
ICt10,CG**
Ird10,
Ird12,PU:
Ird14,
Ird16,
Reid,\NZ
JaF10,CG*
MBr5,aw
MBr10,"F82, H*"
MBr14,
MBr19,"school, Midwest; NYC, NY"
MBr25,
MCh5,H
MeS10,aw
MM10,H
MM20,H
MM25,
MLt10,H
MLt15,aw
MLt20,
MRb10,(H)
MRb15,H
NiM5,aw
NiM13,aw
NiM20,
NiM30,
NiM30,
PAal,aw
RDS1,aw
SDr1,H*
SDr10,H
SMa10,aw
SyS1,H
SyS2,H
Sys3,H
TJe10,aw
TrJ12,aw
TrJ20,
WRi10,aw
ALi15,CG*
AnA10,aw
BBr10,aw
BBy10,aw
BGr10,aw
CBd10,aw
CBd20,aw
ClP10,aw
DdP10,aw
DeH10,CG*
DHx10,aw
DDo10,aw
DDo12,
DDo15,aw
DDo15,
DDo25,
EBi10,H
ErK10,aw
ErK20,
ErK30,
FOR10,
FOR12,
FOR12,
FOR20,
FOR30,
FRa10,AAfor
GBo5,CG**
GBo10,aw
GBo15,H
GCl10,aw
GCl20,
GPe10,aw
GMu1,aw
GMu2,aw
GMu15,aw
GMu17,aw
GMu21,"beach, TX; Hollywood CA; T(1976, 1996)"
GMx2,[H-]
GMx3,aw
GNs10,H*
GNs15,F50
GTr10,aw
GaW10,aw
HaR1,F15
HaR10,H
HaR14,
HaR18,
HaR25,aw
IBy10,RE**+
IBy15,H
IMz10,H*
IIr12,aw
IIr17,H*
IIr21,
IIr30,
IQd10,H
IrW10,"AA doc, RE****"
ISy4,aw
ISy6,aw
ISy12,aw
ISy14,aw
ISy15,aw
ISy20,aw
ISy22,aw
ITr1,
JfW5,H
JGl10,RE-
JGl15,CG**
JiA1,"F01,H**"
JiA5,Z93
JiA7,
JiA9,
JiA10,F75
JiA12,
JiA15,
JiA18,
JoO10,aw
JoS1,H
JoS5,(H)
JoS10,aw
JoS12,aw
JoS13,aw
JoS15,aw
JoS16,aw
JoS18,
JrF10,H
JsC10,H
JSd10,aw
JTM20,
JuT5,
KeD10,aw
KW10,CG0
LGG10,aw
LGr10,aw
LuP30,aw
MHo10,aw
MtD10,H
MBm1,H*
MBm2,aw
MDa5,
MDa10,H
MlB10,aw
MNe10,aw
MNe18,aw
MNe24,aw
MNe29,aw
MRc10,aw
NRo10,aw
PAl1,
PAl2,
PAl4,
PAl4,
PAl6,aw
PAl8,aw
PAl12,
PAl14,
PAl16,
PAl18,aw
Pal20,
PHa10,H
PHa15,H
PHa25,
PLy10,CG**
PLy15,(H)
PMw10,aw
PSt10,aw
ReD10,aw
RbD10,aw
RbD20,aw
RFM10,H
RFM20,
RGr10,H
RKa10,aw
RLi6,H
RLi10,H
RLi20,
RoH10,CG**
RR2,aw
RR3,
RR4,AAN dir
RR5,
RSp8,CG**
RSp13,aw
RSp17,aw
RSp24,aw
RSp25,
SBe10,aw
SfP6,
SGr10,aw
SKw20,aw
SKw23,lc
SKw30,lc
SSC2l,aw
SSz10,aw
SvP10,H*
TaH2,H
TaH5,H*
TaH6,aw
TaH8,
TaH10,aw
TaH15,
TaH30,AA
TaH32,aw
TBl10,aw
TBl15,aw
TBl20,aw
TBl21,aw
TCl10,H
TgD1,
THu13,CG*** RE**?
THu20,
THu25,
THu30,
VlM10,aw
VLo50,aw
WaB10,H
WBo10,aw
WMi22,aw
WMi25,aw
YMZ10,aw
YMZ20,AAN
YMZ24,
YMZ26,
YoM10,aw
Z2810,aw
Z8010,
Z8015,
AbF10,CG**
AbF12,
AbF14,
AbF20,
AbF25,
AbF26,
AbF27,
AbF30,aw
AnB5,
AnB10,H
AnB20,
AnB26,
ArN10,aw
BoL10,aw
BSe10,[16]
BSe20,
BDC8,CG*
BiP10,H*
CaG1,H
CGi10,aw
CMq10,
DBd10,lc
DSh10,CG**
DSt10,H
DuM5,H*
DuM10,
ErD10,H
ETi10,H
Eti20,aw
FHe10,aw
FHe30,aw
FHe31,aw
FLg10,-H
FRi10,aw
FRo10,H
FRo20,
Fro28,
FrV10,aw
FrV20,aw
GrB4,H
GrB10,RE**
HAv10,CG*
IG1,
IG2,
IG3,
IG4,RE**
IG5,
IG6,
JCL10,CG**
JCp10,H
JCp15,H
JFi10,aw
JJB1,
JJB15,AAN
JnT10,R(R)
KeS10,CG*
MCb10,H
MLe10,RE*** CG***
MMo10,CG*
MnB22,
OlS3,
OlS9,"AA, AA dir"
OlS12,
OlS17,
OlS18,AAN
OlS22,
OlS23,
OlS25,aw
OzS10,H
PAd1,H*
PAd2,aw
PAd3,aw
PAd4,aw
PAd13,aw
PAd14,aw
PAd17,aw
PBz10,aw
PCx10,aw
PCx13,aw
PCx16,aw
PCx18,aw
PCx20,aw
PCx25,aw
PCx28,aw
PCx29,aw
PrWl,aw
PVh2,
PVh10,aw
PVh15,aw
PVh24,aw
QMa10,(H)
QMa12,aw
QMa14,aw
RFr10,H
RFr15,H*
RFr19,CG**
RFr25,
RFr30,
RLT10,H*
RLT15,aw
RMq8,H*
RMq10,H**
RoM2,
RoM3,
RZe10,
RZe20,aw
RZe22,
ShH10,aw
SHS5,(H)
SHS10,
SMi10,
SMi14,aw
StG10,CG*
SuG10,
SuG20,
SuG25,
TBu10,aw
TDS10,CG*
TDS15,aw
WlF10,CG*
WoP10,
WoP12,
WoP14,
WoP18,
WoP20,
WoP22,aw
xGc10,aw
Z8110,
ALs10,
AmH10,H
AmH20,H
AOz10,aw
APy15,
ARo10,H
BLe1,"F41, H**"
BLe4,aw
BLe5,
BLe5,
BLe6,"AA, AA dir"
BLe8,
BLe10,
BLe11,AAN
BLe12,
BLe15,
BLe17,
BLe22,aw
BrP10,H
BrP15,
CDe10,H**
CHa10,-H
CHa14,
CHa18,
CHa25,aw
DaD10,
DaV1,H*
DnR10,aw
DSc10,aw
DSW1,aw
DSW15,
DSW18,
DvW10,aw
GAS10,C*
GyM4,H
GyM10,
GyM20,
GyM22,
GyM26,
GyM30,aw
HJS10,aw
HuH10,R(PG) W(Colin Welland)
HuH20,
HPa10,
IaS10,CG**
IDu10,aw
IDu16,aw
IDu21,aw
IDu22,aw
IDu24,aw
IDu28,
JCh5,
JCh10,aw
JCh13,aw
JCh15,aw
JCh20,aw
JFD10,aw
JHs10,
JPK10,H
JPK15,H
JMl1,H*
JSo15,H
KaK12,aw
KaK14,aw
KFi10,
KrK5,aw
KrK20,aw
KrK22,aw
KrK25,aw
KrK30,aw
KrK35,aw
KrK38,aw
KrK39,aw
KrK40,aw
LaK1,H*
LaK2,aw
LaK9,
LaK13,"AAN, NYFC"
LaK15,
LaK18,
MCa10,H
MGA14,
MRm10,aw
MRm20,aw
NeJ10,H*
NeJ12,H**
NeJ14,aw
NeJ15,aw
NeJ16,
NeJ20,aw
NeJ22,"AAN, AAN dir"
PaB10,H
RiB1,H**
RiB21,H
RiB25,
RiB28,aw
RiB30,
RLo10,H*
RLo11,
RT1,aw
RT20,RE**+
RzB10,aw
SLr10,aw
StL10,H*
SuS12,"F86,H*"
SuS14,aw
SuS16,RE***+
SuS20,aw
TAv1,
UEd10,H*
UEd20,
UEd25,
WaW1,
WaW2,
WaW3,
WaW4,
WaW5,aw
WaW10,aw
WaW13,
WaW15,
WLu10,CG*
xHe10,
YlG10,aw
Z8210 I Married a Shadow,
Z8220 La Vie Continue,lc
ABz10,aw
AdL5,H*
AdL10,aw
AdL14,aw
AdL16,aw
AdL20,
AHu1,
AJo10,H*
AKa5,
AKa10,
AKa15,
AKa20,
AlJ1,
BMs10,H***
BnG1,
BnG12,aw
BnG13,aw
BSt5,AAN
BSt10,
BSt15,--
BSw10,aw
ByB10,aw
CoF10,aw
DCb10,H
DdH10,aw
DLo13,
DWi10,H
EdE10,aw
EHo10,CG**
FOz1,aw
FOz20,aw
FOz22,aw
FOz25,aw
GCh10,aw
GCh20,aw
GJo10,CG**
GoR1,"H*, EB***"
GoR2,aw
JJm1,aw
JJm2,"F91, Cannes Camera d'Or"
JJm3,aw
JJm4,aw
JKw5,H
JKw10,H
JLB1,"AA, AA dir"
JLB7,
JLB14,"GG comd, AAN"
JLD10,
JcS10,aw
JsS10,CG*
LCo10,CG*
LDF10,H
LyL1,H*
MaC1,RW***
MaC4,aw
MaC8,aw
MaC10,aw
MaC11,aw
MCh2,CG***
MWh10,aw
PB1,aw
PGr5,H**
PGr7,aw
PGr10,aw
PGr12,aw
PGr16,
PGr17,aw
PGr20,aw
PGr22,
PLf10,aw
PRb1,H-
PrH10,aw
RbR1,F03
RbR2,
RbR3,
RbR10,
RbR12,
RbR14,AAN
RDu10,aw
RDu15,aw
RiC10,CG*
RMw10,aw
RMw15,
RoD10,H
RPe8,CG***
RPe12,H*
RPe20,
RVO10,aw
RWs10,H
PBm1,H
PBm2,
SiN10,aw
SlT10,CG***
SvF10,aw
TeB10,H
ToS1,"NYC, NY"
ToS5,
ToS10,
ToS12,
ToS15,
ToS21,aw
ToS23,aw
VZg10,aw
WiD10,CG**
WTMx,aw
ACx10,F32
AiN10,
AvW10,aw
AvW16,
AvW19,
AzC10,aw
ChS10,H
ChS24,
EPy5,aw
EPy10,aw
FSh10,aw
GnP10,
HuW10,H
HuW12,
HuW15,
HuW22,
HuW25,aw
IHu5,CG***
IHu11,
IHu12,
IHu15,
IHu18,
IHu22,
IHu25,
JCi3,Sydney Film Festival
JCi5,
JCi10,
JCi12,
JCi14,"GP, AAN, AAN dir"
JCi17,
JlC4,aw
JlC7,F30
JlC10,aw
JlC11,Dram
JlC14,aw
JlC15,aw
JlC16,aw
JlC18,aw
JI1,aw
JI2,aw
JI4,aw
JI5,aw
JI6,aw
JmF10,CG*
JmF20,
JmF25,aw
JRu1,aw
JRu3,aw
JRu14,
JSe0,H
LeN3,H
LeN4,H
LeN8,
LeN12,aw
LdC10,aw
LPi10,CG*
MaM1,aw
MaM2,aw
MSv1,aw
MBu10,
MiR5,RE***+
MiR10,RE***
MKa15,AAN
MtB10,AAN
MtB16,aw
NaL10,aw
NaL20,aw
NBu10,aw
NiC10,aw
NIs10,H
PeC10,H
PeM10,CG**
PeM15,aw
Pri1,aw
Pri2,aw
RCn10,aw
RCn30,aw
RCn36,
RCn39,aw
REp10,AA
REp18,aw
RhM10,H
RhM30,
RhM34,
RhM37,
RoJ1,"H***, AAN, BFA, EB****"
RoJ10,
RoJ20,
RTu1,H
RTu3,
RYo10,H
RYo12,aw
TMk10,aw
ToP10,aw
AAg10,aw
AEy10,aw
AEy20,aw
AEy22,aw
AEy25,AAN dir
AKo10,
AKo15,
AKo15,
AZu20,aw
CLz1,aw
CST10,aw
CST20,aw
DDe10,aw
DnA10,aw
GaT3,aw
GaT5,aw
GaT7,
GaT11,
GaT16,aw
GaT18,aw
GoJ20,aw
GuM10,aw
HSB18,aw
Ilt1,
ILt5,
ILt10,
ILt15,AA dir
ILt17,aw
IsS3,AA foreign
IsS5,aw
IsS7,aw
IsS10,aw
IsS11,aw
ITu10,Palm
JBd10,aw
JqS10,aw
JuI10,aw
JVm4,aw
JVm7,aw
JVm10,aw
JVm17,
KBg6,aw
KBg8,aw
KBg10,aw
KBg15,
KBw10,aw
KGC10,aw
KZs10,aw
KZs18,aw
LCa10,aw
LCa15,aw
LiY20,aw
MAF10,aw
MAF15,aw
MBl5,aw
MDi10,H
MaG10,aw
MiP10,aw
MKo10,aw
MoT1,
MoT10,
MTo10,aw
OSo10,aw
PGa10,aw
SiS10,Ctxx
THo10,Er(title [-16])
THo20,Er(first?)
TiB1,F56
TiB5,
TiB6,
TiB8,
TiB12,
TiB14,
TiB17,
WTa10,H
WTa20,
xYa10,aw
ZlK20,
Z8510,
ABu10,H
ACv10,aw
APe10,H
bQs10,aw
bQs14,aw
bQs20,aw
bQs23,aw
bQs25,aw
BrG10,H
BrG20,
BrG28,aw
BWb10,aw
GaM10,
HoD10,"H, CG***"
HoD24,
JeL10,aw
MdV5,aw
MdV10,aw
MrD1,
MrD2,
PFa1,H*
PFa10,
PLu10,aw
RMa10,H
PtM10,
RnF10,aw
RnF14,aw
SpJ1,F51
SpJ2,aw
SpJ3,
SpJ4,
SpJ5,
SpJ6,
SpJ7,
SpJ8,
SpJ11,
SpK10,aw
STo10,aw
TsH10,aw
YYo10,aw
Z8630,aw
ACl10,aw
ARb1,
ATu1,
BEE10,aw
BEE15,aw
CCo2,aw
CCo5,
CCo3,F94
CCo5,
CCo6,
CCo10,
CCo11,
CGy10,aw
CP1,aw
CP2,aw
DLe10,aw
DMa1,aw
DMa10,
DMa12,; T(1930)
DMa13,
DMa20,
DMa21,
EAr10,aw
EAr12,aw
ElB10,aw
Bergstein,\Ct
EtC20,aw
EtC25,aw
JWy10,
JWy15,
KHa10,aw
LHa1,
LHa5,
LHa10,
LVa10,EB***
LVa12,aw
MGn10,aw
MkR10,
MRi10,aw
MzI10,aw
MzI15,aw
NMv1,
NMv3,
NMv8,
NMv10,
NoM10,aw
PMG10,aw
PPm10,aw
PPm15,aw
PRz15,
RHv10,aw
RtS10,aw
RtT10,F71
SiG10,aw
VNu10,aw
VNu15,aw
VSa10,
VSa18,
ZKK10,aw
Z8720,aw
ABi10,"sanatorium, Austria; T(1947)"
ABi20,"slum, England"
ADv12,aw
ADv14,aw
ADv15,aw
ADv17,AAN
ADv22,
AgH1,aw
AgH13,
AgH15,
AgH19,aw
AHo1,
BiA3,aw
BiA5,GP
BiA8,aw
BiA9,aw
BiA10,aw
BmF10,aw
BZi10,
CBu6,
CBu8,
CBu10,
CBx10,[27]
CCr10,aw
CEd10,RE****
CEd20,
ClD1,
ClD5,aw
DGr1,
DH5,aw
DdV4,
EAy10,aw
GAx1,AA for
GrA10,aw
GKo10,aw
GvR10,
GvS01,aw
GvS1,
GvS2,aw
GvS4,
GvS5,
GvS11,"AAN, AAN dir"
GvS12,
HBo10,
HDu10,aw
HeW1,aw
HeW5,aw
HWi10,aw
IBC10,aw
ICo10,
IGs20,aw
IlM10,
IMT10,aw
IMT20,
IMT24,
JHH10,aw
JrB10,aw
KOt10,
KSR10,aw
KSR30,
KSR35,
LvT10,aw
LvT21,
MFi5,aw
MFi10,
MFi15,
MFi16,aw
MFi18,"AAN, AAN Dir"
MFi20,aw
MFi22,
MGw1,aw
MGw2,aw
MGw5,aw
MKh10,aw
MMz10,aw
POC20,aw
POC26,
PTh10,aw
RkM10,ER***
RkM16,
RNo10,aw
RNo20,aw
RSh5,"F66,RE***+"
RSh10,
RSh18,
RSh20,
SLo1,aw
SLo2,
SSR12,aw
SSR15,aw
TAF4,aw
TAF7,aw
TAF10,aw
ViW1,aw
ViW15,boring
xSz10,
YoT10,aw
Z1811,aw
Z1813,aw
Z4810,aw
Z4815,aw
Z5410,aw
Z5420,aw
Z5430,aw
Z5440,aw
Z5450,aw
Z5460,aw
Z5470,aw
Z5480,aw
Z5490,aw
Z54100,aw
Z54110,aw
Z0310,aw
Z8820,aw
AgV10,aw
AMc10,"GP delecxt, Tampere"
AmM10,aw
AxR10,aw
GFi1,
Gfi2x,aw
BHo10,
BNu1,"AAN, FAA (French Oscar)"
BoB1,aw
BoB4,
BRo10,aw
CaB1,RE***+
CCw2,aw
CCw5,
ChG2,F79
ChG15,aw
ClZ10,aw
ClZ19,
DeA10,aw
DHL6,
DOR5,aw
DOR8,aw
MSo10,
DvJ1,aw
DvJ2,aw
DvJ4,aw
DvJ6,aw
EDj10,aw
EKu10,Yugoslavia
EMu1,aw
EZw1,
EZw4,
EZw7,aw
Ezw9,
FAm10,
FAm16,aw
Amurri,\It
FTy10,aw
GCo1,
GDG1,aw
GTo1,"Palm special, AA for, BFA for"
GTo2,
GTo9,aw
HCa10,aw
HMB10,aw
IsJ12,GP critics
ITo10,aw
JHd10,AA
JJo2,
JJo5,aw
JJo10,
JSh1,"AAN, AAN dir"
JSh2,
JSh8,aw
KBr1,AA dir
KBr3,
KBr10,
KBr12,
KBr16,aw
KBr17,
KBr20,
KBr21,
KSk10,aw
LPu1,aw
MNa10,GP
MNa13,aw
MNa18,
MCJ1,
MCJ12,
MCJ14,
MCJ16,aw
MCJ18,aw
MiB10,aw
MLa10,
MLa15,
MLa19,
MLm5,
MTU10,
PAR10,AAN
PAR14,
PhN14,
PhN17,
PhN20,aw
PTi10,aw
PTV10,aw
RaH7,aw
RaH10,aw
RaM10,aw
RBi10,aw
RJe1,
SKo1,
SKo2,
Sko5,aw
StS1,Palm
StS2,
StS10,
TBi10,
THy6,aw
THy10,aw
THy14,aw
TSz10,
WHB10,
WSh1,
ACu15,aw
ACu20,
ACu23,aw
AGo10,aw
AMo13,aw
AMz1,
AMz5,
APk10,
APl10,aw
ASp10,aw
ARt1,
ASS10,aw
BBz10,aw
BJq5,
BJq10,
BJq15,
CSc10,aw
CWm10,aw
DlB3,aw
EmE10,aw
FFf10,aw
FFo10,Gouden Kalf
FrM1,
GaO10,aw
GeA10,
GSl10,aw
GSl12,aw
HlH2,aw
HlH3,aw
HlH9,
HoF10,aw
IDa10,Prix du festival policier a Cognac
IDa14,
IDa17,
IDa19,
IMN10,aw
IMN12,aw
IMN15,aw
IMR10,aw
IsF10,aw
JdA10,aw
JDo10,
JFC10,aw
JGb7,aw
JGb10,aw
JMe1,
JKz10,aw
JLz1,aw
JLz2,aw
JmZ10,aw
JnL12,aw
JnL13,aw
JnL18,aw
JnN9,aw
JoA15,SE1
JoA19,
JWB10,
JZu10,aw
LuD1,
LuD4,
MnK10,aw
MnK15,aw
MnK20,aw
KaB10,Bayrischer Filmpreis 1990
KeC5,aw
KeC7,
Khi20,
KvR10,aw
LiH10,aw
LYa10,aw
LuM10,aw
LuM13,aw
LuM16,aw
LyD10,aw
LzB10,aw
MiJ5,
MiJ10,
MiJ12,
MiJ15,aw
MMr10,F97
MPe5,aw
MPe10,aw
MSh10,
MVh10,aw
MvT10,aw
MYa10,aw
MYa20,aw
NMk10,aw
NRe6,aw
NRe10,aw
OhG10,aw
PCo10,
OlA10,aw
OlA14,aw
PnM8,F54
PnM10,aw
PnM14,aw
PnM18,aw
PhJ10,aw
PhJ13,aw
PhS10,aw
PLe10,
PLe12,
PLe15,
PLe17,
PRP10,aw
PuA10,aw
PvL1,aw
ReH10,aw
ReH16,aw
RGu15,aw
RHe10,aw
RHr8,aw
RHr10,aw
RHr12,aw
RnH10,aw
RnH13,aw
RPr10,aw
RRe10,aw
RSS10,aw
RtG10,aw
RtG12,aw
SBa10,
SBa15,
SBa20,
SBa22,
SgP10,aw
SnT20,aw
SnT22,aw
SnT28,
SOe10,
SOe12,
TDv10,aw
TSt1,
ViA10,aw
WaC1,aw
PMC10,
WhS1,aw
WhS3,aw
WhS5,
WhS6,
XaK10,aw
YaY5,aw
YaY10,aw
YKo10,aw
YZh4,
YZh6,
YZh8,
YZh14,
Z9010,aw
Z9020,aw
Z9030,aw
Z9040,aw
Z9050,aw
Z9060,aw
Z9070,aw
ACp10,aw
AdD10,aw
ADz10,aw
ADz15,aw
AGl10,aw
AGl12,aw
AMi10,aw
AMi12,aw
ASi10,aw
AxC10,aw
BDu3,aw
BDu4,aw
BDu10,aw
BMo10,aw
BSo1,aw
BSo4,aw
BSo5,aw
BSo6,aw
BSo8,
BSo10,aw
ByS10,
ByS15,
CDN10,aw
CMe1,aw
CMe10,aw
CPc10,
DHr10,aw
DHr12,aw
DKl10,aw
DMH10,aw
DMH15,aw
DMk10,aw
DZu12,aw
ECh10,aw
EDi10,aw
EmB10,aw
EdY10,
FDF10,[27]
FrG10,aw
FrH10,
FWs10,aw
FxB10,aw
HfK10,aw
HyS10,
IBl15,aw
IiS15,aw
ISn3,
ISn4,
IWk1,aw
IWk5,aw
IWk10,
JaR10,aw
JAv10,aw
JAv15,aw
JAv16,aw
JBm10,GP
JDr10,aw
JeR10,aw
JLi10,aw
JoF1,aw
JLp1,aw
JoB10,aw
JSv10,aw
JSv15,aw
JVD5,aw
JVD10,aw
KeR10,England; T(1300)
KeH10,aw
KuA10,aw
LrA10,aw
LFZ1,aw
LSP10,aw
MAD10,aw
MiH10,aw
MiH18,
MKb10,aw
MKi10,aw
MKl10,aw
MRP10,aw
MRP14,aw
MtR1,aw
MTs10,aw
MuT10,aw
NBr10,aw
NBr17,
NiP5,AA
NiP10,AA
NyA10,aw
OKa10,aw
PGl10,aw
PHw8,aw
PHw10,aw
PRs10,aw
PSp12,aw
PSp14,aw
RdD10,aw
RLl10,aw
RLl13,aw
RLl15,aw
RLl18,aw
RSm10,aw
RUn10,F92
SeP1,aw
SeP2,aw
SHp5,aw
SHp13,aw
SLe10,aw
SLe12,aw
SLe15,
SNa10,aw
StN10,aw
SyC10,aw
Tki5,
Tki7,
TLW5,
ToC10,aw
TuB10,aw
VNf10,aw
WHj1,aw
Z9110,aw
Z9120,aw
Z9140,aw
AAn10,aw
AAn12,aw
AbH1,aw
ADg10,aw
AfA10,aw
ANe10,aw
AnW10,aw
AWk10,
BaL1,aw
BCr10,aw
BeR10,aw
BKi10,aw
BKi12,aw
BLv15,aw
BrL10,aw
BrL15,aw
ByP10,aw
CaF10,aw
CrB10,aw
CRd10,
CsS10,aw
CsS15,aw
CVi10,aw
CVi16,
CyS1,aw
DeR10,aw
DFi15,aw
DFi17,aw
DJR10,aw
DPa10,aw
DPr12,aw
FLr10,
GeE10,aw
GeQ10,
GGh5,aw
GGh10,aw
GMK10,aw
GMK15,
GSa10,AA
GSr10,aw
HaK20,aw
HCn10,aw
HDl10,aw
HSa10,aw
HwF10,aw
HWY10,aw
IdO10,aw
Kerkhof,\Ct
ILs10,aw
IMu10,aw
IMu20,aw
IMu22,
JCB10,aw
JRi10,
Richet,\Fr
JFs10,aw
JGd2,aw
JGd10,aw
JGd15,
JoM10,aw
JoM15,aw
JOx10,aw
JxS10,aw
JxS12,aw
KCm10,aw
KeG10,aw
KOr1,aw
KOr2,aw
KSt10,aw
KWW8,aw
KWW14,
LuC10,aw
MkG10,aw
MkG12,aw
MkG15,aw
MLs10,aw
MMz10,aw
MNv10,aw
NJi10,aw
NoE1,aw
NoE3,aw
NoE8,
NSv10,aw
PCh10,aw
PCh15,
QTa1,aw
QTa3,aw
QTa6,aw
RBx10,aw
RlE10,aw
RlE20,aw
RMg5,aw
RMc10,aw
RMg15,aw
RrB10,aw
RrB16,aw
RrB18,AA foreign
RSd10,aw
RTa5,
RTa14,aw
RtM10,aw
SGy5,aw
SGy10,aw
SGy12,aw
SHD10,aw
SoW1,aw
SvN10,aw
THk14,aw
TDe1,
TDe10,aw
TDe14,aw
TDe18,
TDe19,
ToK1,
TRb10,aw
TVe10,aw
VAr10,aw
VCy5,aw
VCy10,aw
VyK10,aw
xNa10,aw
VGl10,aw
YiA10,aw
Z9210,aw
Z9220,aw
Z9230,aw
Z9260,aw
Z9270,
ADy1,
ADy5,
Ady3,
ARw12,lc
ABo10,aw
AnL5,aw
AnL10,AAN
AnL12,aw
ANo,aw
AoS10,
ASh10,aw
AuG10,aw
BeM10,
BJR10,aw
BLu10,aw
BLu12,gross
CaS10,aw
CCa13,aw
CDv10,aw
ChK10,"GP, AAN"
ChK13,aw
CNu10,aw
DAP10,aw
DGl10,aw
DME10,aw
DmS1,aw
DRz10,aw
DZo10,aw
FrD10,aw
GGM10,aw
GgW10,aw
GnA10,aw
GnA13,
GoM10,aw
GyS10,
Schyfter,\Me xican?
HGe10,aw
IHo10,aw
ILf10,aw
IMd12,aw
IMd16,aw
IMd17,"AAN, AAN dir"
JBo10,aw
JPB10,aw
JTa10,aw
JTu10,
KTI10,Bell
LeB10,aw
LLl10,aw
JLy10,aw
KHt1,
MaH15,
MBb10,aw
MBb15,aw
MBi10,aw
MWid10,
MWid12,aw
MWid15,aw
MWid16,
MkS10,aw
MlG5,AA AA dir
MLz10,aw
MoF3,Sundance dir
MoF6,
NkM10,aw
OIo10,aw
OYa10,aw
PDq10,AA
PeJ10,aw
PhH10,aw
PhH13,aw
RbH8,aw
RbH10,aw
RcW10,aw
RdN10,aw
RgW10,aw
RHk10,aw
RkK10,aw
RlK10,aw
RLn10,aw
RmF8,aw
RmF10,aw
RyM10,aw
RRz10,aw
RRz13,aw
RSv10,aw
RWg10,AA
SHk10,aw
SHk15,
SiW8,aw
SiW10,aw
SiW12,aw
SiW13,
SiW14,aw
SPt10,aw
SSo10,aw
SSo13,
SSo15,aw
SSo16,-
SSu10,aw
StZ1,aw
StZ5,
SvB04,aw
SvB05,aw
SvB10,aw
TCn10,aw
TCr10,aw
TDa10,aw
TFy10,aw
ThS10,aw
TLo10,aw
TNa10,aw
TTN10,aw
TrH10,"Camera D'or, AAN"
TrH15,aw
WhR10,aw
xBa10,aw
YuB10,aw
YuB14,
Z9320,aw
Z9330,aw
Z9350,aw
Z9360,aw
Z9365,
AdS10,lc
AFl10,aw
AkS10,aw
APr10,aw
APr12,aw
ArD10,aw
ARk10,aw
ARk12,aw
ASm10,aw
BnM10,aw
BnS10,aw
BnS15,aw
CFd10,Sundance
CRu10,aw
CyC10,Cesar
DAl10,aw
DDW10,aw
DeS10,aw
DnB10,aw
DpM10,aw
DpM13,aw
DvC10,AAN
FDa10,
FGd10,aw
FTr10,AA
GdT10,aw
GdT14,aw
GGC10,aw
GGC12,aw
GGC14,aw
HtB10,aw
HLv10,aw
IsM10,
IsM14,
ISz10,aw
JCe10,aw
JDB10,aw
JDB12,aw
JDB15,
JLv10,aw
JMm10,aw
JSy10,aw
LMg10,aw
MdH10,aw
MdJ10,aw
MDn10,aw
MDw10,aw
MEl10,aw
MkT10,aw
MtC10,aw
MtC12,aw
MtC15,
MuK10,aw
NHy10,aw
NHy15,
NKz10,aw
NnM10,Cesar
PaW10,aw
PaF10,aw
PFr10,
PFr12,
PJH10,AuAA
PJH14,aw
PRJ10,
PSe10,aw
PlW10,aw
RAA10,aw
RbW10,aw
RgA10,aw
RgC10,
RgC15,
RGl10,aw
RlM10,aw
RnC10,aw
RtL10,aw
RTo10,aw
RTr10,aw
RuC10,aw
RuC13,
SgT10,aw
SSl1,aw
TBr10,aw
ToN10,aw
TZz10,aw
xCo10,aw
YSt10,aw
YSt12,
AJa1,aw
AMt14,
AMt15,
AWw3,
AWw5,
AWw10,
BGt10,aw
BGt13,
BTh10,aw
BTh13,
ChN10,AAN
DBo6,
DBo10,
DBo12,aw
DCn10,
DCn12,
DSa10,
DvF10,aw
HHH10,
JLa10,
JPy10,
JPy12,aw
KDo10,aw
KDo1x,aw
LBv10,
MBy1,
MBy2,
MBy5,
MGo5,aw
MGo10,
MTh10,
NFi10,"Greenwich Village, NY T(1969)"
SeG10,
SuK10,aw
TdC9,
TdC10,
TdC11,PU:
TdC12,
TdC13,
TdC15,
xQu15,aw
YvA10,aw
YvA13,
Z9510,aw
Z9520,aw
Z9530,aw
Z9540,aw
Z9550,aw
Z9575,
Z9577,
Z9579,
Z9585,
AHp10,
AKr10,
ASf8,
ASf10,
AyW10,
AyW11,aw
BdA2,Deauville
BnR10,
CDu10,SU:
CHp10,
CTH10,
DDg10,
DHg10,
DIl10,
DLi10,
DLi13,
DRE10,
DTw10,Mexico
ESc10,
FSl10,
GHb10,
HMD1,
IGy10,
JMn1,
JMn2,aw
JtF3,
JuS10,
Calendar Girl,
LLG10,
Lob9,
LOb10,
LOb13,
LOb15,
MeC10,
MkJ10,
MkJ11,aw
MMf10,
MyH10,
PDe10,
RaR12,SE--
RaR13,
RHg10,
SBd10,
SBu10,
SBu12,aw
ScH10,aw
SWe10,
TMe10,
TSu10,
TVw10,
VKo10,
VKo13,
WeA1,
WeA10,
Z9610,aw
Z9615,aw
Z9620,"geese, farm"
Z9625,aw
Z9630,aw
Z9635,aw
Z9640,aw
Z9645,aw
Z9650,aw
Z9655,aw
Z9672,aw
Z9676,aw
Z9680,aw
Z9685,aw
Z9688,
Z9693,aw
Z9695,
Z9696,
ABe10,GG
ACf10,
ANi10,
ARm10,
ATn10,
ATn11,
AxP10,
BHu5,
Bhu7,
BPr10,
BRa10,
BRa12,
BSp10,
BSp12,
BtS10,aw
BvL10,
CKl4,
CrM10,
DDB10,
DLe1,
DRa10,
DWl10,
FcA10,
GfD10,aw
GfD11,
GrM1,
GrN10,
GTi10,
GVe10,aw
HyK10,
IDe1,
IPK10,
IPq10,aw
IPq15,
JcC10,
JDy10,
JeS10,
JfPd10,
JiG10,
JKf10,
JMw10,
JNo10,
JSj10,
KDK10,
KHe10,
KLe1,
KSa10,
KSp1,
LMf10,
Mayfield,\Ct
LTa10,
MgM10,
MHe9,
MHe10,
MHe15,SE++
MmL10,
MmL12,
MUy10,
MvD10,AA foreign
MyS10,
NCs10,
NLB11,
PCa10,AAN
PTA10,
PtC5,
PtC10,
RCh10,
ScM10,
ScW10,
SKe10,"LasVegas, NV"
SlB10,
SmW1,
SmW3,
SSv10,
STu10,
TBN10,
Nelson,\Am
TSm1,
TSy10,aw
TSy12,
TVb10,
TVi10,
VCH10,
VHd10,
YRu10,
xFu10,GG foreign
XWZ10,
XWZ15,
Z9730,aw
Z9735,aw
Z97340,aw
Z9750,aw
Z9770,aw
Z9780,aw
Z9783,aw
Z9788,SE++
AAm10,
AKl10,
ACh10,
ASt10,
AtB10,
AtB11,
ATk10,
Atk12,
CLi10,
CrC10,
DAr10,
DDk10,
DEl10,
DMc1,
DRo10,
DvD10,
EBr10,
EDr10,
EHe10,
ESk10,
EwD10,aw
FCr10,
FCr11,
Fdu10,
FWh5,
FWh10,
GGy10,
GHa10,
GyR10,
HpS10,
IKu10,
IRo10,
IPi10,
JfB10,
JGK2,
JJC10,
JKr10,
JMr10,
JoK10,
JPe10,
JSp1,
JKt10,
KJo10,
KLg10,
LCl10,
MaI10,
MEk10,
MJu10,
MJu15,
MSJ10,
MnP10,
MPo10,
MrF10,
MWz10,
NAb10,
NBa10,
NcG10,
NMe10,
NVg10,
nYo10,
nYo15,
PAn10,
PBe10,SE--
PHo10,
PtP10,
QuL10,
RgH10,
RLG10,
SDv10,
SfS10,
SGu10,
SML10,
SNo10,
SpS10,
SRu10,
SSb10,
SSk1,
SSt10,
StE10,
SwS10,
TFg1,
TiH10,
TJk10,
TPa10,
TTy10,sundance
TyK10,
VGa10,
VMi10,
vSM10,
xPr10,
xSa10,"SE++, AAN"
Z9810,
Z9820,aw
Z9830,
Z9850,
Z9860,
Z9865,
Z9870,
Z9880,
Z9890,
Z9895,
AGi10,
ASv10,
CNo1,
CVe10,
DbW10,
DHu10,
DLv10,
DMj10,
DMo10,
DzJ10,
EZo10,
GeH10,
GJu1,
GSn10,
HFa1,
HHm10,
JnC1td> Xiu Xiu: The Sent Down Girl,China; Tibet T(1970)
RyG1,GP1
LUl10,
PSv10,
RMt10,
RsG10,
RGo10,
SMf10,
SWm10,
VFu10,
T10,
Z9915,
Z9920,
Z9925,
Z9930,
Z9933,
Z9935,
Z9937,
Z9939,
Z9950,
