"movie_id","person_id"
"H1","Lasky"
"H2","Hitchcock"
"H3","Balcon"
"H4","Balcon"
"H5","Balcon"
"H8","Balcon"
"H10","Balcon"
"H11","Balcon"
"H13","J.Maxwell"
"H14","J.Maxwell"
"H16","J.Maxwell"
"H17","J.Maxwell"
"H19","J.Maxwell"
"H22","J.Maxwell"
"H23","J.Maxwell"
"H24","Hitchcock"
"H25","Tom Arnold"
"H28","Balcon, Montagu"
"H30","Black"
"H32","Pommer, Laughton"
"H33","Selznick"
"H34","Wanger"
"H36","Raphaelson, Hitchcock"
"H37","F.Lloyd, Skirball"
"H39","MacGowan"
"H42","Selznick"
"H43","Hitchcock"
"H44","Selznick"
"H46","Bernstein, Hitchcock"
"H50","Hitchcock"
"H51","Hitchcock"
"H52","Hitchcock"
"H57","Hitchcock"
"H61","Hitchcock"
"H65","Hitchcock, Robert Coleman"
"H79","Hitchcock"
"H80","Hitchcock"
"H81","Hitchcock"
"H82","Hitchcock"
"H83","Hitchcock"
"H40","Ministry of Inf."
"H41","Ministry of Inf."
"H55","Hitchcock"
"H58","Hitchcock"
"H59","Hitchcock"
"H60","Hitchcock"
"H63","Hitchcock"
"H66","Hitchcock"
"H67","Hitchcock,J.Harrison"
"H68","Hitchcock,J.Harrison"
"H70","Hitchcock, J.Harrison"
"H72","Hitchcock, J.Harrison"
"H74","Hitchcock, J.Harrison"
"H75","Hitchcock, J.Harrison"
"H76","Hitchcock,J.Harrison"
"H77","Hitchcock,J.Harrison"
"H78","Hitchcock,J.Harrison"
"WKD10","Dickson"
"ALu1","A.Lumiere"
"ESP25","Zukor"
"ESP26","Zukor"
"ESP27","Zukor"
"ESP30","Zukor"
"ESP31","Zukor"
"ESP32","Zukor"
"ESP33","Zukor"
"ESP34","Zukor"
"ESP40","Zukor"
"WHa1","Haggar"
"WHa8","Haggar"
"ThE10","Edison"
"GKS60","Spoor"
"ThI40","none"
"ThI65","Th.ince"
"ADw17","Fairbanks~sr"
"ADw22","Fairbanks~sr"
"ADw27","William leBaron"
"ADw41","D.Markey"
"ADw60","Edward Grainger"
"ADw70","Bogeaus"
"ADw72","Bogeaus"
"ADw75","Bogeaus"
"AEG39","Blanke"
"AEG41","Harry Joe Brown"
"JCw61","Selznick"
"JCw62","Lawrence Weingarten"
"MaT10","World"
"ME240","Victor M. Greene"
"MSe10","Mack~Sennett"
"MSe18","Mack~Sennett"
"CDM0","DeMille"
"CDM1","Lasky"
"CDM3","Lasky"
"CDM5","Lasky"
"CDM7","Lasky"
"CDM45","DeMille"
"CDM59","deMille"
"CDM64","Zukor"
"CDM70","deMille"
"CDM73","deMille"
"CDM77","deMille"
"CDM80","Henry Wilcoxon"
"GBS100","Lucien Hubbard"
"BHd10","William George Barker"
"HHS3","Schomburgk"
"HHS8","Schomburgk"
"HHS9","Schomburgk"
"HHS12","Schomburgk"
"HHS13","Schomburgk"
"HHS14","Schomburgk"
"HHS15","Schomburgk"
"HHS16","Schomburgk"
"HHS22","Schomburgk"
"HHS24","Schomburgk"
"HHS26","Schomburgk"
"HHS28","Schomburgk"
"HHS36","Schomburgk"
"HHS38","Schomburgk"
"HHS48","Schomburgk"
"HHS50","Schomburgk"
"AK57","A.Korda"
"AK58","A.Korda"
"AK59","A.Korda"
"AK78","A.Korda"
"CC66","Chaplin"
"CC68","Chaplin"
"CC72","Chaplin"
"CC73","Chaplin"
"CC75","Chaplin"
"CC76","Chaplin"
"CC79","Chaplin"
"CC80","Chaplin"
"CGl44","Gallone"
"CGl55","Gallone"
"CoC10","Selig"
"EL40","Lubitsch"
"EL51","Zukor, Lasky"
"EL57","Lubitsch"
"EL64","Lubitsch"
"EL67","A.Korda"
"EL68","Lubitsch"
"ReB8","Th.Ince"
"ReB10","Th.Ince"
"ECa65","Lloyd Sheldon"
"GMf60","Lasky"
"JMa60","Burt Kelly"
"RaW2","Fairbanks~sr"
"RaW59","Hal B. Wallis"
"RaW64","William Cagney"
"RaW66","Wallis"
"RaW72","Arnold Albert"
"RaW73","Jerry Wald"
"RaW82","none"
"RaW85","none"
"HK20","SU"
"HK25","S.Goldwyn"
"HK30","S.Goldwyn"
"HK50","Winfield Sheehan"
"HK56","Winfield Sheehan"
"HK58","D.F.Zanuck"
"HK66","MacGowan"
"HK67","D.F.Zanuck, Harry Joe Brown"
"HK75","Robert Bassler"
"HK77","Darryl Zanuck"
"HK82","D.F.Zanuck"
"HK89","D.F.Zanuck"
"HK91","Buddy Adler"
"HK92","Bert E. Friedlob, William A. Bacher"
"HK94","D.F.Zanuck"
"JqF30","Albert Lewin"
"SFr43","Albert Lewin"
"AlW60","D.Markey"
"BsK27","Joseph F. Schenk"
"BsK37","Joseph M. Schenk"
"BsK40","Joseph M. Schenk"
"FbM10","Arturo Ambrosio"
"FLl59","Winfield Sheehan"
"FLl62","Jessse L. Lasky"
"FLl80","F.Llloyd"
"FLl85","Howard Estabrook"
"GM190","Sam Goldwyn"
"GM200","Joe Pasternal"
"GM210","Hornblow"
"GM224","John Paul Jones"
"GM227","Daniel Dare"
"GM237","Pal"
"GM238","Wallis"
"GM305","Lawrence Weingarten"
"GM310","Jack Rose"
"IF76","Lester Cowan"
"IF77","Cliff Reid"
"IF79","D.F.Zanuck"
"IF83","Merrit Hulburd"
"IF86","Wanger"
"IF87","MacGowan"
"IF91","Jack Kirkland, Harry H. Oshrin"
"IF98","Samuel G. Engel"
"IF101","Ford, M.C.Cooper"
"IF108","Zimbalist"
"IF111","Leland Hayward"
"IF112","C.V. Whitney"
"IF115","Ford"
"IF125","Ford"
"ISR5","Zuckor"
"ISR30","Edward Butcher"
"RWN44","Howard Benedict"
"RyB10","Stromberg"
"RyB14","D.F.Zanuck"
"ViS5","Th.Ince"
"ViS58","Selznick"
"ViS84","Harlan Thompson"
"ViS86","Paul Jones"
"ChB9","Thalberg"
"EvS5","vonStroheim"
"EvS6","Thalberg"
"FrN3","Fairbanks~sr"
"FrN8","S.Goldwyn"
"IMS20","Laemmle~jr."
"IMS30","Stahl"
"IMS50","Nunally~J."
"IMS60","William A. Bacher"
"KV26","K.Vidor"
"KV34","Selznick"
"KV40","S.Goldwyn"
"KV43","Edward Small"
"KV50","K.Vidor"
"KV58","Blanke"
"KV64","Carlo Ponti"
"TB35","T.Browning"
"TB55","Carl Laemmle~jr."
"TB60","T.Browning"
"WAS80","Berman"
"WAS83","Berman"
"WAS95","Berman"
"WAS115","F.Ross"
"WAS125","Howard Benedict"
"WvD34","Selznick"
"WvD51","Stromberg"
"WvD53","Stromberg"
"San Francisco","SMGM"
"WvD58","Stromberg"
"WvD60","Stromberg"
"WvD67","Frank Davis"
"WvD72","V.Saville"
"WvD75","G.Reinhardt"
"WvD79","J.Mankiewicz"
"C89","Warners"
"C104","Harry Joe Brown"
"C112","Wallis"
"C113","Blanke"
"C117","Wallis"
"C119","Robert Lord"
"C120","Hal Wallis"
"C121","Hal B. Wallis"
"C122","Robert Fellows"
"C123","Robert Fellows"
"C124","Blanke"
"C127","Hal B. Wallis"
"C131","Wallis"
"C134","Jerry Wald"
"C143","Jerry Wald"
"C157","Louis F. Edelman"
"C171","Greenhut"
"CBa40","B.P. Schulberg"
"FL11","Pommer"
"FL12","Pommer"
"FL19","J.Mankiewicz"
"FL20","Wanger"
"FL23","Harry Joe Brown"
"FL24","MacGowan"
"FL28","Seton I. Miller"
"FL29","Wanger"
"FL30","Milton Sperling"
"FL35","Harriet Parsons"
"FM9","Fox"
"FM10","F.W.Murnau, Flaherty"
"GAr58","Selznick"
"GAr60","Selznick"
"GAr80","William C. Thomas"
"GF90","Fitzmaurice"
"GF160","Fitzmaurice"
"HB70","Stromberg"
"HB80","Lawrence Weingarten"
"JuD10","Bernard Hyman"
"JuD13","Boris Morros, Sam Spiegel"
"JuD16","A.Korda"
"RW1","Erich Pommer"
"CBw29","Selznick"
"CBw31","J.L.Mankiewicz"
"CBw33","Bernard Hyman"
"CBw36","Harry Joe Brown"
"CBw37","John W. Considine~jr"
"CBw40","Cl.Brown"
"CBw41","Sidney Franklin"
"CBw42","Berman"
"CDr9","Dreyer"
"CDr10","Dreyer, Nicholas DeGunzburg"
"CuB37","Joe Pasternak"
"CuB40","Zimbalist"
"CuB44","Bernhardt"
"FB27","Borzage"
"FB29","Borzage"
"FB39","Lubitsch"
"FB40","Harry Joe Brown"
"FB42","Norman Krasna"
"FB45","J.L.Mankiewicz"
"GCt20","Balcon"
"GCt21","Balcon"
"HWx4","H.Wilcox"
"HWx5","H.Wilcox"
"HWx10","H.Wilcox"
"HWx11","H.Wilcox"
"HWx17","H.Wilcox"
"HWx20","H.Wilcox"
"HWx21","H.Wilcox"
"HWx45","H.Wilcox"
"HWx47","H.Wilcox"
"HWx50","H.Wilcox"
"HWx54","Herbert J. Yates"
"HWx60","H.Wilcox"
"JWH40","Roach"
"JWH48","Roach"
"JWH70","Roach"
"JWH80","Stan Laurel"
"RoF20","Michael Balcon"
"RoF30","Alexander Korda"
"SW13","James K. McGuiness"
"SW15","V.Saville"
"SW18","Harry E. Edgington, David Hempstead"
"SW19","Frank Rose, Norman Krasna"
"SW21","David Lewis"
"SW28","Wallis"
"SW30","Robert Hakim, Raymond Hakim"
"SW33","Jack Cummins"
"VF33","Stromberg"
"VF36","Hunt Stromberg"
"VF39","Selznick"
"VF41","Louis D. Lighton"
"VF45","V.Saville"
"VF47","Everett Riskin"
"VF48","Wanger"
"AdB21","Balcon"
"EdS50","Lawrence Weingarten"
"RaI50","Irving Asher"
"SaT17","Mary Pickford"
"LuB20","Rudolf Meyer"
"LuB21","Rudolf Meyer"
"WR31","Selznick"
"WR40","Louis Sarecky"
"WR42","Zuckor"
"WR60","Selznick"
"WR86","Albert Lewis"
"WR115","Ruggles"
"WR120","Ruggles"
"AC20","Edmund Grainger"
"GP3","Hirschel, Sofar"
"RC18","Pressburger"
"RuJ8","Laemle~jr"
"TWh1","Harold Lloyd"
"TWh20","Harry Rapf"
"TWh25","A.Korda"
"TWh41","Whelan"
"TWh45","Whelan"
"TWh50","Robert Fellows"
"WiB25","Mary Pickford"
"WiB100","Sam Katzman"
"WiB199","Jack Broder"
"HSt1","Stromberg"
"W30","B.B. Schulberg, Lucien Hubbard"
"W40","Selznick"
"W41","J.L.Mankiewicz"
"W55","Selznick"
"W70","Hunt Stromberg"
"W78","Wellman"
"W83","Lamar Trotti"
"JR1","J.Renoir"
"JR5","J.Renoir"
"JR20","Braunberger"
"JR55","Charles Spaak"
"JR75","Pichel"
"JR77","J.Renoir, D.Nichols"
"SET1","Selznick"
"SE4","Eisenstein"
"WKH35","Jesse L. Lasky"
"WKH44","Selznick"
"WKH45","Wanger"
"AJG50","Roach"
"ChR13","Harry Rapf"
"ChR50","Louis K. Sidney"
"ChR60","George Haight"
"CLa110","Alex Gottlieb"
"CLa114","Howard Christie"
"CLa150","Max L. Rosenberg, Milton Subotsky"
"EG3","E.Goulding"
"EG11","Irving Thalberg"
"EG16","Wallis"
"EG17","David Lewis"
"EG24","W. Perlheim"
"EG25","Henry Blake"
"EG20","D.F.Zanuck"
"EG28","Nunally~J."
"GLC4","Selznick"
"GLC6","Selznick"
"GLC12","Charles R. Rogers"
"IGB45","Douglas Maclean"
"IGB50","Roach, Stan Laurel"
"IrC67","D.F.Zanuck, Winfield Sheehan"
"IrC77","Harry Joe Brown"
"IrC79","D.Markey"
"IrC81","Kohlmar"
"IrC86","Perlberg"
"IrC95","Cummings"
"LM4","H.Hughes"
"LM11","F.Howard"
"LM17","Roach"
"LM20","Henry Blanke"
"LM22","D.F.Zanuck"
"LM29","Milestone"
"LM32","Kohlmar"
"LM100","Hitchcock"
"LM110","Milestone"
"S9","Zuckmayer, Pommer"
"S10","Louis S. Lighton"
"S21","Arnold Pressburger"
"S23","H.Hughes"
"ThD30","John Cornfield"
"ThD50","Sidney Cole"
"WW23","Paul Kohner"
"WW30","Henry Henigson"
"WW43","S.Goldwyn"
"WW44","wyler, Blanke"
"WW46","Robert Lord"
"WW47","Sam Goldwyn"
"WW48","S.Goldwyn"
"WW60","War Activities Comission"
"WW63","S.Goldwyn"
"WW65","Wyler"
"WW66","Wyler"
"WW67","Wyler"
"WW73","Wyler"
"WW80","Wyler, Gregory Peck"
"WW81","Zimbalist"
"WW82","Wyler"
"WW84","Fred Kohlmar"
"WW85","Ray~Stark"
"ACa50","Sidney Cole, John Croydon"
"ACa60","John Croydon, Michael Balcon"
"AM15","Robert Lord"
"AM18","Blanke"
"AM23","S.Goldwyn"
"AM29","William Perlberg"
"AM31","William LeBaron"
"AM35","David A. Loew"
"AM36","Charles R. Rogers"
"ASR40","Burt Kelly"
"EBS50","Selznick, M.C.Cooper"
"EBS90","J.Ford, M.C.Cooper"
"FC10","Harry Cohn"
"FC25","Capra"
"FC26","Capra"
"FC27","Capra"
"FC35","Capra"
"GMy45","Machaty"
"HH12","H.Hughes"
"HH14","Hawks"
"HH21","Hawks"
"HH22","Hawks"
"HH23","Hawks"
"HH28","Hawks"
"HH31","S.C.Siegel"
"HH34","S.C.Siegel"
"HH37","Hawks"
"LlB35","Robert Lord"
"LlB40","R.Lloyd"
"LlB50","Wallis"
"LlB55","Bischoff"
"LlB57","Bischoff"
"LlB64","Wallis"
"LlB67","Wallis"
"LlB83","Walter Morosco"
"LlB95","George Jessel"
"LlB97","Robert Sparks"
"LlB100","Edmund Granger"
"RVL16","Max Schach"
"RVL17","Edward Small"
"RVL28","R.V.Lee"
"RVL30","Lee"
"RVL32","Small"
"WlD9","SU"
"WlD19","Blanke"
"WlD29","Blanke"
"WlD34","Wanger"
"WlD35","Wallis, Blanke"
"WlD36","Berman"
"WlD37","Wolfgang Reinhardt"
"WlD38","Henry Blake"
"WlD43","Schary"
"WlD45","H.B.Wallistd> SParamount"
"WlD49","Selznick"
"WlD51","Wallis"
"WlD53","Wallis"
"WlD58","Irving Asher"
"WlD61","Irving Asher"
"ByH5","Wallis"
"ByH8","Perce Pearce"
"ByH15","Pal"
"CBm60","Harold Lloyd"
"DaB11","D.F.Zanuck"
"DaB17","Cliff Reid"
"DaB19","Paul Jones"
"DaB20","Samuel Goldwyn"
"DaB21","Mark Hellinger"
"DaB26","William Jacobs"
"DaB28","William Jacobs"
"DaB32","William Jacobs"
"DAz6","Selznick"
"DAz21","Selznick, Berman"
"DMD25","MOI"
"DMD40","B.Box"
"DMD50","Hamilton Inglis"
"FTu7","Tuttle"
"FTu20","S.Goldwyn"
"Ftu25","E.Llloyd Sheldon"
"HDA6","J.Mankiewicz, Selznick"
"HDA7","Selznick"
"JTg7","Wurtzel"
"LoM12","A.Korda"
"LwS150","Brian Foy"
"LwS180","Charlie~Feldman"
"MLR7","Bischoff"
"MLR12","Sam Bischoff"
"MLR14","Robert Lord"
"MLR17","Robert Lord"
"MLR22","Franklin"
"MLR29","Zimbalist"
"MLR32","M.LeRoy"
"MLR40","J.Cummings"
"MLR43","M.LeRoy"
"RFl33","A.M. Botsford"
"RFl100","Hitchcock, J.Harrison"
"RFl101","Hitchcock"
"RFl102","Hitchcock, J.Harrison"
"RFl103","Hitchcock, J.Harrison"
"RFl104","Hitchcock"
"REn6","Robert Lord"
"REn18","Bischoff"
"REn32","wallis"
"REn45","M.Siegel"
"REn53","Frank Lloyd"
"RWa10","Louis D. Lighton"
"RWa12","Louis D. Lighton"
"RWa50","Selznick"
"RWa65","Harold Lloyd"
"RWa72","Bischoff"
"RZL15","Paul Bern"
"RZL19","Thalberg"
"RZL22","Hunt Sromberg"
"RZL25","Leonard"
"RZL26","Hunt Stromberg"
"RZL39","Joe Pasternak"
"VrS24","Balcon"
"VrS30","V.Saville"
"VrS31","V.Saville"
"VrS34","V.Saville"
"WLa18","D.Markey"
"WLa23","Harry Joe Brown"
"WLa24","William leBaron"
"WLa27","Perlberg"
"WLa29","William Perlberg"
"WLa38","S.C.Siegel"
"WLa41","S.C.Siegel"
"WLa42","Charles Brackett"
"WLa43","H.Ephron"
"FeF12","Bischoff"
"FeF8","Jack E. Gross, Nat Holt, G.White"
"FeF85","Tom Gries"
"LB14","Oscar Dancigers"
"LB26","Serge Silberman"
"LB30","Serge Silberman"
"LeJ10","Albert J. Cohen"
"NT32","Benjamin Glazer"
"NT36","Benjamin Glazer"
"NT44","Ben Glazer"
"NT45","S.Goldwyn"
"NT50","Joe Pasternak"
"NT55","W.Wright"
"NT60","John W. Considine~jr."
"NT94","Joe Pasternak"
"NT105","Henry Blanke"
"NT110","Wallis"
"NT120","Edmund Granger"
"NT121","Robert Westfield"
"NT127","Wallis"
"NT128","Wallis"
"RTh3","Zimbalist"
"RTh4","Norman Krasna"
"RTh5","Zimbalist"
"RTh6","J.Mankiewicz"
"RTh7","V.Saville"
"RTh9","B.P. Fineman"
"RTh12","V.Saville"
"RTh27","Jack Caummings"
"RTh35","Berman"
"RTh52","R.Thorpe, E.Jack Newman"
"TG15","Wanger"
"TG22","Richard A. Rowland"
"TG30","Carey Wilson"
"WaF10","Michael Balcon"
"WaF15","Balcon"
"WaF20","Balcon"
"WaF25","Balcon"
"WaF35","Michael Balcon"
"WaF40","Edwark Black"
"WaF48","Edward Black"
"WD102","Disney"
"CJu10","Junghans"
"FRJ30","S.Goldwyn"
"GgA3","Selznick"
"GgA8","Abbott"
"HPo10","Laemle"
"ICr4","Selznick"
"ICr6","Howard Turnbull,Selznick"
"ICr15","Selznick"
"ICr16","Selznick"
"ICr19","Berman"
"ICr24","Selznick"
"ICr25","Nunally~J."
"ICr28","Wanger"
"ICr35","Selznick"
"ICr40","Sidney Biddell"
"ICr42","John Houseman"
"IFD50","Sam E. Rork"
"LiB4","Barrymore"
"LiB5","Barrymore"
"LMC13","H.Lloyd"
"LMC14","McCarey"
"LMC16","McCarey"
"LMC18","McCarey"
"LMC19","McCarey"
"LMC23","McCarey, Jerry Wald"
"RM1","Jesse L. Lasky, Wanger"
"RM6","Wanger"
"RM7","S.Goldwyn"
"RM13","D.F.Zanuck"
"RM15","Freed"
"RM16","Freed"
"RSi20","J.Harrison"
"RSi29","J.Harrison"
"ThF17","Winfield Sheean"
"WTh10","E.Lloyd Sheldon"
"BDn7","Balcon"
"GC7","Selznick, Berman"
"GC8","Selznick"
"GC10","Selznick"
"GC11","Selznick"
"GC12","Selznick"
"GC13","Selznick"
"GC14","Berman"
"GC15","Thalberg"
"GC17","Everett Riskin"
"GC21","J.Mankiewicz"
"GC22","V.Saville"
"GC23","\P{G.Reinhardt"
"GC29","Hellinger"
"GC30","Lawrence Weingarten"
"GC31","Edwin H. Knopf"
"GC33","S.Simon"
"GC36","Lawrence Weingarten"
"GC41","S.C.Siegel"
"GC45","Jerry Wald"
"GC48","J.Warner"
"GC52","Edward Lewis"
"GC54","William Allyn"
"HAA10","Selznick"
"HAA15","Selznick"
"HHu1","H.Hughes"
"HHu2","H.Hughes"
"HHu3","H.Hughes"
"IB8","Julius Hagen"
"IB14","Sam Bisschoff"
"IB18","William LeBaron"
"IB20","Robert Bassler"
"IB101","Hitchcock, J.Harrison"
"IB102","Hitchcock, J.Harrison"
"IB105","Hitchcock, J.Harrison"
"IB106","Hitchcock, J.Harrison"
"IB107","Hitchcock, J.Harrison"
"IB108","Hitchcock"
"IB109","Hitchcock"
"IB111","Hitchcock"
"IB112","Hitchcock"
"IB113","Hitchcock"
"IB150","Sam Katzman"
"JPa7","Roach"
"JPa8","Roach"
"JPa10","Roach"
"JPa14","Roach"
"JVi23","Jacques LouisNounez"
"JW1","Laemmle~jr."
"JW4","Laemmle~jr"
"JW11","Laemmle~jr"
"JW18","Harry Edgington"
"MOp4","Fred Lisa"
"MOp14","Fairbanks~jr"
"MOp16","John Houseman"
"MSa6","Berman"
"MSa7","Berman"
"MSa9","Berman"
"MSa10","Berman"
"MSa12","Berman"
"MdO10","DeOliveira"
"MdO60","deOliveira"
"MdO62","deOliveira"
"MdO70","deOliveira"
"NGr20","Wallace MacDonald"
"RM110","Selznick"
"ELC200","Robert E. Kent"
"ETG12","Steven Pallos, Donald taylor"
"GeK10","G.King"
"GeK20","G.King"
"GeK25","G.King"
"GeK30","G.King"
"IAg10","Argyle"
"JNm25","Robert Bassler"
"JNm32","Newman"
"JNm40","Al Zimbalist"
"JNm60","Hitchcock"
"JNm62","Hitchcock"
"JNm63","Hitchcock"
"JNm64","Hitchcock"
"JNm67","Hitchcock"
"JNm69","Hitchcock"
"J.White","White"
"JWR7","Selznick"
"JWR8","Selznick"
"JWR9","Sam Jaffe"
"JWR12","Basil Dean"
"JWR13","Lucien Hubbard"
"MAl13","Gilbert Cohen-Seat"
"MBa27","Basil Dean"
"NML4","Louis D. Lighton"
"NML5","William leBaron"
"NML10","Roach"
"NML20","George Haight"
"NML21","S.Goldwyn"
"NML23","Robert L. Welch"
"NML24","Daniel Dare"
"NML31","Paul Jones"
"StW10","Stanley Bergerman"
"WCM22","Menzies"
"WCM32","Edward D. Alperson"
"AL10","Robert Lord"
"AL12","Jack L. Warner, Hal B. Wallis"
"AL14","Robert Lord"
"AL16","Anatole Litvak"
"AL21","Wallis"
"AL22","Litvak, Robert Bassler"
"AL26","{Buddy Adler"
"AL27","Litvak"
"AlH8","B.P. Schulberg"
"AlH21","William Perlberg"
"AlH22","B.P. Schulberg"
"AlH23","William Perlberg"
"AlH24","Everett Riskin"
"AlH30","Louis Edelman"
"AlH38","Oscar Saul"
"CMF1","Hoffman"
"EaK30","Howard Welsch"
"EaK50","Alex Gottlieb"
"EaK51","Alex Gottlieb"
"ElN2","M.C.Cooper, McGowan"
"ElN5","Benjamin Glazer"
"ElN7","Paul Jones"
"ElN8","Hornblow"
"ElN11","Wolfgang Reinhardt"
"ElN13","Daniel Dare"
"ElN14","Milton Sperling"
"ElN15","Richard Maibaum, David Merrick"
"ElN20","Pat Duggan"
"ELM15","J.Mankiewicz"
"ELM17","Ruben"
"ELM19","Ruben"
"ELM21","Ruben"
"ELM26","William L. Pereira"
"ELM29","Warren Duff"
"ELu20","J.J. Cohn"
"ELu30","Gene Towne, Graham Baker"
"ELu49","William H. Pine, William C. Thomas"
"FrW1","Cliff Reid"
"FrW10","Cliff Reid"
"HBH31","Milton Sperling"
"HBH60","William Jacobs"
"HBH70","Sol Lesser"
"HBH75","Humberstone"
"Hha5","Wanger"
"IrP3","M.C.Cooper"
"IrP12","MacGowan"
"IrP15","Nunally~J."
"IrP18","McGowan"
"IrP19","Kohlmar"
"IrP21","David Lewis"
"IrP27","J.Harrison"
"KFr1","Laemmle~jr."
"KFr10","Considine"
"KuN40","Leonard Goldstein"
"KuN45","Maurice King, Frank King"
"KuN46","Maurice King, Frank King"
"KuN49","K.Neumann"
"KuN14","K.Neumann"
"MGe10","B.P. Schulberg"
"MGe50",", Gering"
"OP8","Preminger"
"OP10","Lubitsch"
"OP15","Preminger"
"OP20","Preminger"
"OP23","Stanley Rubin"
"OP24","Preminger"
"OP30","Preminger"
"OP40","Preminger"
"OP50","Preminger"
"PCz25","Joseph M. Schenk"
"PCz30","Czinner"
"RoS3","Michael Balcon"
"RoS11","Gene Towne, Graham Baker"
"RoS13","Bruce Manning"
"RoS50","Hitchcock"
"RoS51","Hitchcock"
"RoS52","Hitchcock"
"RoS53","Hitchcock"
"RoS54","Hitchcock"
"RoS55","Hitchcock"
"RoS68","Bill~Walsh"
"RoS70","Hitchcock, J.Harrison"
"RoS85","Bill~Walsh"
"RoS90","Bill~Walsh"
"RoS94","James Algar"
"RoS95","Bill~Walsh"
"RoS98","Bill~Walsh"
"RoS100","Bill~Walsh"
"RoS112","Ron Miller"
"SLa3","MacGowan"
"SLa10","MacGowan"
"SLa18","Bischoff"
"SLa20","Lanfield"
"SLa30","Robert L. Welch"
"StR5","Louis D. Lighton"
"StR10","Edward Kaufman"
"VHa10","Edward Halperin"
"VrM40","Edward Black"
"VrM42","Edward Black"
"WmK15","Robert Lord"
"WmK18","Wallis"
"WmK27","Wallis"
"WmK31","Jack Saper, Jerry Wald"
"Zk5","Harry Joe Brown"
"BW4","Joseph Sistrom"
"BW5","Brackett"
"BW7","Brackett"
"BW8","Brackett"
"BW11","B.Wilder"
"BW12","Howard Hawks"
"BW14","Wilder"
"BW16","B.Wilder"
"BW17","Mirisch"
"BW19","B.Wilder"
"BW21","B.Wilder"
"BW25","B.Wilder"
"BW30","Jay Weston"
"CAL20","Lois Wipf"
"DeD18","Jerry Wald"
"DeD30","Alex Gottlieb"
"DeD42","Jerry Wald"
"DeD60","William Fadiman"
"DeD62","David Heilwell"
"DeD65","Aaron Rosenberg"
"DeD77","Daves"
"DeD83","Daves"
"FSt10","Phil Goldstone"
"GSt4","Berman"
"GSt5","Berman"
"GSt19","G.Stevens~sr."
"GSt20","G.Stevens~sr."
"GSt30","Fred Kohlmar"
"HRo5","Roach"
"HRo10","Roach"
"LlF10","Roach"
"MCC12","M.C.Cooper"
"ML8","E.Lloyd Sheldon"
"ML9","Lewis Genster"
"ML12","Harlan Thompson"
"ML13","Hornblow"
"ML20","Leisen"
"ML23","Leisen"
"RMk10","Laemmle~jr"
"xCm20","Pont deLaurentiis"
"ArL22","Burt Kelly"
"ArL26","Marshall Grant"
"ArL28","Alex Gottlieb"
"ArL29","Burt Kelly, Glenn Tryon"
"ArL39","Howard Welsch"
"ChE1","Erskine"
"ChE2","Erskine"
"CdG1","Bernard Hyman"
"CR10","Edward Black"
"CR12","Edward Black"
"CR14","John Sutro, Norman Walker"
"CR15","MoI"
"CR17","A.Korda"
"CR18","A.Korda"
"CR24","C.Reed"
"DBr10","Wurtzel"
"DSk46","Hunter"
"DSk49","Hunter"
"DSk50","Hunter"
"DSk58","Hunter"
"EGU1","Laemmle~jr."
"EGU40","Jack Pollexfen"
"HY20","Morgan B. Cox"
"LeG23","Ben Pivar"
"JN2","Harlan Thompson"
"JN3","Blanke"
"JN10","Jerry Wald"
"JN15","Nunally~J."
"JN16","Robert J. Lacks"
"JN19","Brackett"
"JN20","Nunally~J."
"JN23","Samuel G. Engel"
"JN25","F.Ross"
"JN31","David Weisbart"
"LoS2","William LeBaron"
"MPa5","Pagnol"
"RWB10","Eric Ambler"
"RWB20","Jay Lewis (Leslie Parkyn)"
"RWB54","R.W.Baker"
"RWB67","Albert Fennell, Brin Clemens"
"RWB77","Milton Subotsky"
"RWB82","Robert S. Baker"
"ThA10","Glendon Allvine"
"BBe1","Robert Lord"
"BBe19","Freed"
"BBe21","William leBaron"
"BBe23","Freed"
"BeH2","Hecht"
"EdK10","Dearholt-Stout, Cohen"
"EDm18","David Hempstead"
"EDm20","Ben Pivar"
"EDm35","S.C.Siegel"
"EDm38","Buddy Adler"
"EDm39","Dmytryk"
"EDm43","J.Cummings"
"EDm58","Alexander Salkind"
"GWh10","Winfield Sheean"
"HRv10","Krellberg"
"IHA34","Auer"
"IHA35","Auer"
"IHA36","Auer"
"JKa50","Kane"
"JKa55","Kane"
"JKa56","Kane"
"JKa60","Kane"
"JKa70","Kane"
"LoK30","Zukor"
"LoK50","Irwin Allen"
"TWa10","Balcon"
"FkS10","Henry MacRae"
"FMD10","Wallis"
"GDo2","Roach"
"GDo4","Roach"
"GDo18","Eddie Cantor"
"GDo23","Fred M. Packard"
"GDo37","David Weisbart"
"GDo39","Henry Blanke"
"GDo49","Richard Whorf"
"GDo71","Levine"
"GDo76","Saul David"
"GDo79","Aaron Rosenberg"
"GDo83","Herbert Hirshman"
"HaF23","William Sistrom"
"HaF29","Warwick Ward"
"HaF35","Raymond Stross"
"HCP1","George Haight"
"HCP4","J.Mankiewicz"
"HCP5","Ruben"
"HCP6","George Haight, Berman"
"HCP10","Jules Levey, Glenn Tryon, Alex Gottlieb"
"HCP12","David Hempstead"
"HCP22","Schary"
"HCP24","Panama, Frank"
"HeM20","Edward Black"
"HKo10","Joe Pasternak"
"HKo12","Joe Pasternak"
"HKo18","S.Goldwyn"
"HKo21","Jerry Wald"
"HKo22","Perlberg"
"HKo23","S.C.Siegel"
"HKo24","John Beck"
"HKo29","F.Ross"
"HKo30","Julian Blaustein"
"HKo36","R.Hunter"
"HKo39","Goffredo Lombardo"
"HKo41","Ross Hunter"
"HKo43","Jerry Wald"
"HWa9","Leslie Norman"
"LaH10","E.M. Asher"
"LeS80","Rudy Abel"
"MC3","Rabinovitch"
"MC9","Sacha Gordine"
"NF3","Wurtzel"
"NF4","Wurtzel"
"NF6","Wurtzel"
"NF7","Wurtzel"
"NF10","Wurtzel"
"NF16","Orson Welles"
"AKi20","Kimmins"
"AKi30","Kimmins"
"AKi40","Kimmins"
"AMx1","A.Malraux"
"GrR3","Selznick"
"GrR4","Edward Kaufman"
"GrR6","Nunally~J."
"GrR10","Zanuck"
"GrR15","Damon Runyon"
"IBt24","R.Boulting"
"IFa8","Brian Foy"
"IFa13","[1]"
"IFa18","B.G. deSylva"
"IFa24","Seton E. Miller"
"IFa25","Farrow"
"IFa32","H.Hughes, Robert Sparks"
"IFa34","Wayne-Fellows"
"IFa45","Farrow"
"JPH2","Lucien Hubbard"
"JPH10","William C. Thomas"
"GeS15","G.Sherman"
"MP4","A.Korda"
"MP11","Pressburger"
"MP13","Pressburger"
"MP18","M.Powell"
"MP20","Emeric Pressburger, Selznick"
"MP25","Emeric Pressburger"
"MP35","M.Powell"
"NNo1","Frank King, Maurice King"
"SSS45","Berman"
"SSS58","Martin Gosch"
"WWn80","W.J. OSullivan"
"WWn205","Sidney Picker"
"FoB30","Barney Sarecky"
"FoB70","Beebe"
"GaK5","Leo McCarey"
"GaK7","Robert Sisk"
"GaK20","Walter Mirisch"
"GWg16","Waggner"
"GWg23","Waggner"
"GWg24","Waggner"
"GWg25","Waggner"
"HIL5","John Stone"
"JoL2","Fred Kohlmar"
"JoL3","Buddy Adler"
"LeG36","Oliver Drake"
"LeG40","Howard Christie"
"RBS15","Kohlmar"
"WlN10","Scott R. Dunlap"
"WlN12","Scott R. Dunlap"
"AnS15","And.Stone, Marty Melcher"
"AnS17","And.Stone"
"AnS29","And.Stone"
"AnS31","And.Stone"
"AnS33","And.Stone"
"BaS10","Mack Sennett"
"ChV26","CH.Vidor"
"ChV35","Samuel Goldwyn"
"ChV45","Ch.Vidor, Frank Sinatra"
"ChV46","Selznick"
"DFl10","M.Fleischer"
"DFl11","M.Fleischer"
"IPC25","George H. Brown"
"JqT2","VaL~Lewton"
"JqT4","VaL~Lewton"
"JqT8","Bert Granet"
"JVK30","Mort Briskin"
"JVK35","Jerry Wald, H.Hughes"
"PGy10","Alex Gottlieb"
"PGy16","Saul Elkins"
"RRw15","Robert Sisk"
"RRw20","Robert Sisk"
"RRw25","Cummins"
"RRw32","St.Kramer"
"RRw37","Jules Schermer"
"WMG10","Bryan Foy"
"BHl10","Katzman"
"CCb10","Ben Pivar"
"ECn10","Leslie Cowan"
"ECn20","Erle C. Kenton"
"GPa1","G.Pascal"
"IgR19","Irving Allen"
"IHw10","R.Murray Leslie"
"JHL17","Sidney Harmon"
"JnD33","Robert Hakim, Raymond Hakim"
"JnD36","J.P. Guilbert"
"OW1","Welles"
"OW5","Richard Wilson,William Castle"
"OW11","Alessandro Tasca"
"OW13","Welles"
"PS3","Paul Jones"
"PS4","Paul Jones"
"PS5","Paul Jones"
"PS7","P.Sturges"
"PS9","H.Hughes"
"PS21","P.Struges"
"PS22","Paul Wagner"
"BaD13","Michael Relph"
"BaD22","Michael Ralph, B.Dearden"
"BaD26","Michael Relph"
"BaD29","Michael Relph"
"BaD35","Michael Relph"
"BBo10","Boetticher"
"DBy4","Richard Goldstein"
"DBy10","Carl Edwards"
"DMi28","Ralph Fields"
"DMi32","Ross Hunter"
"DMi45","Edward Orloff"
"GSy4","Joe Pasternak"
"GSy10","Freed"
"GSy11","Carey Wilson"
"GSy17","Fred Kolmar"
"GSy30","Fred Kohlmar"
"GSy40","Charles H. Schneer, Sidney"
"IrR6","Wallis"
"IrR8","Jesse L. Lasky"
"IrR10","Jack Chertok"
"IrR12","Lasky"
"IrR32","Henry Blanke"
"IrR50","Robert L. Minger, Frank Capra~jr."
"IH12","Jerry Wald"
"IH14","Hornblow, Ben~Maddow"
"IH15","G.Reinhardt"
"IH16","Sam Spiegel"
"IH19","J.Huston"
"IH20","Buddy Adler, Eugene Franks"
"IH22","James Hill"
"IH35","Ray~Stark"
"IH38","John Foreman"
"IH42","Tom Stern, Freddie Fields"
"IH47","John Foreman"
"LaC20","Victor Hanbury"
"LaC25","Nat Bronstein"
"LaC35","George King"
"ReC5","Joe Janni, Sandro Ghenzi"
"StH5","Fred Kohlmar"
"StH13","S.C.Siegel"
"StH18","Wanger"
"StH23","Willlis Goldbeck"
"StH30","E.Charles Strauss"
"TTz4","Nat Holt"
"TTz8","Irving Starr"
"TTz9","Frederick Ullman"
"TTz10","Rogell"
"TTz20","Robert Sparks"
"VdS4","Paolo W. Tamburella"
"VdS5","Umberto Scarparelli"
"VdS13","Selznick"
"VdS15","Carlo Ponti"
"VdS17","Joseph E. Levin, Carlo Ponti"
"WlM10","Leonard Fields"
"ALe2","PrF{"
"ALe7","Lewin"
"AnM16","Wallis"
"AnM25","Aaron Rosenberg"
"AnM27","Samuel Briskin"
"AnM35","Grainger"
"AnM37","Samuel Bronston"
"ChF7","Sidney Cole"
"DL1","Noel Coward"
"DL7","Eric Ambler"
"DL10","Norman Spencer, Lean"
"DL13","Sam Spiegel"
"DL16","John Brabourne"
"FZ8","St.Kramer"
"FZ8","St.Kramer"
"FZ10","St.Kramer"
"FZ12","Buddy Adler"
"FZ14","Blanke"
"FZ15","Gerry Blatner"
"FZ21","Ladd"
"IRa4","Paul Malvern"
"IRa10","Herman Schlom"
"IRa12","Herman Schlom"
"IRa14","Herman Schlom"
"JD7","Hellinger"
"JD8","Hellinger"
"JD15","Dassin"
"JeY10","Edward L. Hartman, John Grant"
"JeY30","Howard Christie"
"JqB15","C.F. Cavenau"
"JqB18","Neves Gaston Vouatoux"
"JqB25","Robert Dorfman"
"JqB38","Sege Silberman"
"LuV50","Goffredo Lombardo"
"MiG27","Jerry Bresler"
"MiG30","St.Kramer"
"MiG35","Ross Hunter, Martin Melcher"
"VSh9","Jerry Wald"
"VSh10","Blanke"
"VSh15","Julius~Epstein, Phillip G. Epstein"
"VSh23","Jerry Wald"
"VSh25","V.Sherman"
"AkK14","Shojiro Motoki"
"AkK25","Elmo Williams"
"AkK28","Masato Hara, Serge Silberman"
"ChW2","Freed"
"ChW3","Freed"
"ChW4","Freed"
"ChW6","Edwin H. Knopf"
"ChW12","S.C.Siegel"
"ChW16","Joe Pasternak"
"ChW25","Sol~Spiegel"
"FLd10","Launder, Gilliat"
"FLd20","Launder"
"FWx20","Cl.Brown"
"HeL23","Sol~Spiegel"
"HSh10","Robert Buckner"
"HuJ5","Jennings"
"MRs2","Val~Lewton"
"MRs21","Jerry Wald"
"MRs37","Robson"
"PHy6","Lew Grade"
"PHy15","Hyams"
"PHy20","D.Constantin Conte"
"PHy29","Frank Yablans"
"PHy39","Gale Anne Hurd"
"RCl5","Robert Dorfman"
"RtB8","Leon Carre"
"SGi3","Gilliat, Launder"
"SGi8","Launder"
"VGu34","V.Guest"
"VGu36","V.Guest"
"VM4","Freed"
"VM5","Freed"
"VM8","Berman"
"VM10","Freed"
"VM13","Freed"
"VM19","John Houseman"
"VM21","Berman"
"VM22","Freed"
"VM33","Jack H. Skirball, Grainger"
"WiC30","W.Castle"
"WiC51","W.Castle"
"WiC55","W.Castle"
"ChC4","Cornelius"
"ChC9","M.Truman"
"ChC11","Michael Truman"
"ChC30","Michael Shamberg"
"DSy1","Schary"
"JeD10","Sidney Box"
"LAl2","Charles Brackett"
"LOl1","L.Olivier"
"LOl3","L.Olivier"
"PhK39","St.Millar"
"PhK46","Stanley S. Kantor"
"PhK50","Mort Broskin"
"RBt6","J.Boulting"
"RBt17","J.Boulting"
"RLB9","Ben Pivar"
"RLB12","Will Cowan"
"RLB22","Koch"
"RWh8","W.Wright"
"RWh15","James J. Geller"
"RWh20","George Moskov"
"RWh50","Hitchcock"
"RWi1","Val Newton"
"RWi3","Val Newton"
"RWi9","Richard Goldstone"
"RWi28","R.Wise"
"RWi29","R.Wise"
"RWi34","R.Wise"
"RWi36","R.Wise"
"SNe10","Sigmund Neufeld"
"CoB3","Sidney Box"
"CoB6","Zimbalist"
"DS6","William Jacobs"
"DS30","Siegel"
"DS32","D.Siegel"
"DS33","D.Siegel"
"DS36","James B. Harris"
"DS38","David Merrick"
"DS40","Herb Jaffe"
"DS50","David Valdes"
"EK3","Louis deRochemont"
"EK10","E.Kazan"
"EK18","Sam Spiegel"
"FdC14","Michael Kraike"
"FdC16","Jack Gross"
"FdC23","Edward Small"
"GS6","William Perlberg"
"GS7","William Perlberg"
"GS9","Perlberg"
"GS16","Jaque Mapes"
"HaW4","Paul Jones"
"HaW9","Hary Tugend"
"InB18","Allan Ekelund"
"InB21","Allan Ekelund"
"InB32","Owe Carlburg"
"InB35","I.Bergman"
"IBe4","Erik Charell"
"MNo10","Frank King, Maurice King"
"MSf10","Miguel Marchiniendorena"
"RHa3","Henry Cornelius"
"RHa4","Michael Relph"
"RHa10","Dennis VanThal"
"RRo8","Rossellini"
"RRo12","Rosselini"
"WlB10","Herman Schlom"
"WlB12","Sam Katzman"
"WlB14","Lippert"
"WlB20","Lippert, Berke"
"WRh10","Reisch"
"DuN2","D.Nichols"
"ISt9","H.Hughes"
"ISt29","J.Sturges"
"ISt30","Walter Mirisch"
"ISt31","Frank Sinatra"
"ISt33","J.Sturges"
"ISt38","Sidney Beckerman"
"ISt40","deLaurentiis"
"JLM2","D.F.Zanuck"
"JLM3","Fred Kohlmar"
"JLM6","S.C.Siegel"
"JLM8","S.C.Siegel"
"JLM12","John Houseman"
"JLM15","J.Mankiewicz"
"JLM16","Sam Spiegel"
"JLM17","Wanger"
"KeA19","Clayton"
"KeA23","Bill Anderson, Basil Keys"
"KeA25","Julian Wintle, Leslie Parkyn"
"KeA31","Stan Marguilies, Jack Davies"
"KeA34","Annakin, Basil Keys"
"KeA43","Adahm, Mehlman, Moshy"
"PUs5","A.Ronald Lubin"
"PUs6","Carlo Ponti"
"RiF18","Jerry Bresler"
"RiF20","R.Zanuck"
"RiF22","deLaurentiis"
"RiF24","Saul David"
"RiF30","Carter deHaven"
"RiF33","Walter Seltzer, Russell Thatcher"
"RiF35","Walter Mirisch"
"RiF36","Peter Herald"
"RiF39","Pierre Spengler"
"RMo3","Joan Harrison"
"AlT10","Louis H. Jackson"
"BrW10","Milton Sperling"
"BrW100","Hitchcock, J.Harrison"
"BrW101","Hitchcock, J.Harrison"
"DHa2","Hartman, Schary"
"DHa5","Hartman"
"DHa7","Edwin H. Knopf"
"JaH20","Carl Foreman"
"LGt23","L.Gilbert"
"LGt25","Cubby"
"LGt32","Cubby"
"NR7","John Houseman"
"NR8","Jerry Wald"
"NR10","N.Ray"
"NR19","Samuel Bronston"
"NR20","Samuel Bronston"
"RoN3","Neame"
"RoN5","Andre Hakim"
"RoN18","I.Allen"
"RoN28","Sandy Howard,Gabriel Katzka"
"RoN30","Otto Plaschkes"
"RoR1","Bob Roberts"
"RoR8","Rossen"
"GdS2","DeLaurentiis"
"JPM5","Melville"
"TFi12","Michael Carreras"
"APo10","Bob Roberts"
"APo43","Philip A. Waxman"
"BeK10","A.Frank Bundy"
"CTB25","Bill~Walsh"
"GoP12","Gene Towne, Graham Baker"
"HCs4","Jack Clayton"
"IGg10","Frederick Brisson"
"JLo4","Seymour Nebenzal"
"JLo11","David Deutsch"
"JLo25","Daniel M. Angel"
"JLo30","Lee Majors"
"JqA10","Claude Dolbert"
"LCs10","William Stephens"
"RaT16","B.Box"
"RaT26","B.Box"
"RaT30","B.Box"
"RaT42","B.Box"
"RdM8","Buddy Adler"
"RdM30","Mate, George StGeorge"
"TYg12","Phil C. Samuel"
"TYg17","Saltzman, Cubby"
"TYg20","Kevin McClory"
"TYg25","M.Ferrer"
"TYg40","David V. Bicker, Sidney Becckerman"
"WAr42","W.Asher"
"WAr44","James H. Nicholson, Robert Dillon"
"WAr50","James H. Nicholson, Samuel Z. Arkuff"
"ACy20","Cayatte"
"ACy38","Carlo Ponti"
"FlM1","The Danzigers"
"GKe4","Gene~Kelly"
"GKe8","Ernest Lehman"
"GKe9","Gene~Kelly"
"HKl17","Gordon Kay"
"HKl23","Joseph Gershenson"
"IGu18","Weintraub"
"IGu21","Christian Ferry"
"IGu26","Roger Lewis"
"IGu28","I.Allen"
"IGu29","deLaurentiis"
"IGu33","deLaurentis"
"JT1","Fred Orain"
"JT2","Fred Orain"
"JT3","Louis Dolivet"
"JT4","Rene Silvera"
"JT5","Robert Dorfman"
"LLa5","Sam Katzman"
"LSm10","Lesser"
"LSm17","Sam Katzman"
"SaF13","Fuller"
"SM1","Mackendrick"
"SM3","Mackendrick, Sidney Cole"
"SM4","Leslie Norman"
"SM7","James Hill"
"StD4","Freed"
"StD24","Roger Edens"
"StD33","Roger Edens"
"StD35","Abbott, Donen"
"StD41","Donen"
"StD42","Abbott, Donen"
"StD45","Donen"
"StD51","Donen"
"StD58","Donen"
"StD61","Donen"
"StD72",", Donen"
"StD80","Donen"
"FF4","DeLaurentiis"
"FF6","DeLaurentiis"
"FF12","Alberto Grimaldi"
"FF15","Francp Christaldi"
"FF18","Alberto Grimaldi"
"FF50","Buseo Mabos"
"HFr20","Milton Sperling"
"HLF10","George Moscov"
"HyC10","Stephen Mitchell, A.D.Peters, J.B. Priestley"
"IdL1","Collier Young"
"IdL2","Collier Young"
"IdL3","Collier Young"
"IdL10","Hitchcock"
"JDh5","Disney"
"JLT19","Sy Bartlett"
"JLT24","Robert Emmett Ginna"
"JLT29","Robert Greenhut"
"JLT32","Pancho Kohner, Stanley Kanter"
"JLT34","Allan Klein, Ely Landau"
"JLT39",19
"JoP20","Aaron Rosenberg"
"JoP40","Hitchcock"
"JoP41","Hitchcock"
"JoP43","Hitchcock"
"JoP50","Freeman"
"MA5","Robert Hakim, Raymond Hakim"
"MA6","Ponti"
"MFr2","Frank, anama"
"MFr13","Panama"
"MFr29","Frank"
"MFr33","Melvin Frank"
"MiA6","Robert Clark"
"RcB1","Freed"
"RcB3","S.C.Siegel"
"RcB5","J.Cummings"
"RcB16","R.Brooks"
"RcB17","R.Brooks"
"RcB18","R.Brooks"
"RcB19","R.Brooks"
"RcB21","R.Brooks"
"AR5","Raymond Froment"
"CyE30","Charles Schneer"
"DoW51","Hitchcock"
"DoW80","Hitchcock"
"DoW81","Hitchcock"
"DoW82","Hitchcock"
"DoW95","Frank W. Rosenberg"
"DoW97","James M. Nicholson, Samuel Z. Arkoff"
"DoW120","Don Nelson"
"EBe5","Bernard Glasser"
"EBe10","Ben Schwalb"
"HrJ14","Lindsey Parsons"
"LBu1","Bunin"
"MZa5","Zampi"
"MZa10","Zampi"
"MZa15","Zampi"
"MZa20","Zampi"
"MZa23","Zampi"
"MZa30","Zampi"
"MZa35","Zampi"
"PaH50","Hitchcock"
"PaH51","Hitchcock"
"PaH52","Hitchcock"
"PaH53","Hitchcock"
"PaH54","Hitchcock, J.Harrison"
"PaH55","Hitchcock"
"PaH60","Harry Rybnich, Richard Kay"
"PaH106","Hitchcock"
"PaH108","Hitchcock"
"PaH109","Hitchcock"
"PaH110","Hitchcock"
"PaH112","Hitchcock"
"PaH113","Hitchcock, J.Harrison"
"PaH114","Hitchcock, J.Harrison"
"PaH115","Hitchcock, J.Harrison"
"PaH116","Hitchcock"
"PaH117","Hitchcock, J.Harrison"
"PaH118","Hitchcock, J.Harrison"
"PaH119","Hitchcock, J.Harrison"
"PaH120","Hitchcock"
"PaH121","Hitchcock"
"PaH122","Hitchcock, J.Harrison"
"PaH123","Hitchcock, J.Harrison"
"PaH124","Hitchcock, J.Harrison"
"PaH125","Hitchcock, J.Harrison"
"PaH126","Hitchcock, J.Harrison"
"PaH127","Hitchcock, J.Harrison"
"PaH128","Hitchcock"
"PaH215","Herman Blaser"
"PLo10","Pressburger"
"RCv10","Jaques Roitfeld"
"RPa15","Howard Welsch"
"RiQ15","Kohlmar"
"RiQ23","Quine"
"RiQ29","Quine"
"RiQ35","Walter Mirisch"
"RrS10","Sale"
"CNy1","Hawks"
"CNy15","Conrad"
"DaM1","Wallis"
"DaM6","Berman"
"DaM7","Kohlmar"
"DaM10","Lawrence Weingarten"
"DaM35","Albert s. Ruddy"
"FrQ10","Quimby"
"FrT5","Robert L. Welch"
"FrT7","Harriet Parsons"
"FrT10","Wallis"
"FrT13","Tashlin"
"FrT16","Tashlin"
"FrT20","Jerry Lewis"
"FrT22","Bing Crosby"
"FrT23","Lewis"
"FrT32","Martin Melcher"
"GH3","A.D. Peters"
"GH8","Harold Hecht"
"GH12","Saltzman, Cubby"
"GH15","Saltzman, Cubby"
"GH16","Saltzman"
"GH25","Oliver A. Unger"
"HaB1","Bartlett"
"HaB3","Bartlett"
"HaB5","Bartlett"
"HaB20","Bartlett"
"HaB35","Bartlett"
"HHo3","Collier Young"
"HHo5","Leonard Goldstein"
"HHo10","Sidney Harmon"
"JHo20","Hunter"
"JHo24","Howard Christie"
"JHo40","Hitchcock"
"KHu18","Cubby"
"KHu21","Dugald Rankin"
"KHu22","Warren G. Toub"
"LeK10","Pasternak"
"MuB5","Pommer, William McQuitty"
"PeB6","Michael Birkett"
"PhL100","Hitchcock"
"ADx11","Belgian Cul.Min."
"ALv100","Hitchcock"
"ALv101","Hitchcock"
"ASu10","Sucksdorff"
"DkP5","D.Powell"
"DKu10","Robert Benmussa"
"EDW10","George Weiss"
"EDW22","William J. Reynolds"
"EuL30","Wilfred Eades"
"FFe10","Ferrin"
"HEs10","V.Saville"
"HoC10","Howard Dimsdale"
"JHi7","Hunter"
"JIv6","Ismael Merchant"
"JIv8","Ismael Merchant"
"JIv11","Joseph Saleh"
"JIv15","Merchant"
"JIv20","Ivory"
"JIv21","Ivory"
"JIv28","Ivory"
"JIv30","Ismail Marchant"
"JIv33","Ismail Merchant"
"JIv37","Ismail Merchant"
"JIv40","Ismail Merchant"
"JIv42","Ismail Merchant"
"JIv45","Merchant"
"LiA10","Karel Reisz"
"LiA20","L.Anderson, Michael Medwin"
"LiA30","Michael Medwin"
"NLr10","McLaren"
"NuJ1","Nunally~J."
"NuJ2","Nunally~J."
"NuJ3","Nunally~J."
"NuJ4","D.F.Zanuck"
"NuJ7","Nunally~J."
"RDW7","William Girard"
"RoA4","James Hill"
"RoA5","V.Saville, Aldrich"
"RoA11","Aldrich"
"RoA23","Aldrich"
"RoA25","Aldrich"
"RoA28","Raymond Anzarut"
"RoA30","Aldrich"
"RoA32","Aldrich"
"RoA41","Aldrich"
"RoA57","Aldrich"
"RoA64","Aldrich"
"RoA65","Aldrich"
"RoA68","Aldrich, Howard W. Koch~jr."
"SSn1","Schary"
"SSn2","S.Sheldon"
"StK3","J.B. Harris"
"StK6","James B. Harris"
"StK10","Kubrick"
"StK15","Kubrick"
"VeS30","Arnold L. Miller"
"WoR25","Ronald Kinnoch"
"AMa10","Henry Berman"
"AMa50","D.F.Zanuck, Elmo Williams"
"AMa60","Stanley Colbert"
"AWj27","SU"
"GGr8","Sidney Box, John Nash"
"GGr18","Koch"
"HLS10","Ivan Tors"
"HoK5","Aubrey Schenk"
"IIl10","Corman"
"JJu10","Richard Key, Hary Ribnick"
"JWe1","Stanley Meyer"
"JWe3","J.Webb"
"JWe5","J.Webb"
"JWe6","J.Webb"
"JWe7","J.Webb"
"JWe12","J.Webb"
"KoI10","Masuyuki Takagi"
"LaB10","St.Kramer"
"LNm10","Tom Morahan"
"MT10","Cole"
"PeG3","Wallis"
"PtF10","Federico Teti"
"SR15","S.Ray"
"SR36","R.D. Bansai"
"YvR3","Y.Robert"
"YvR10","Y.Robert"
"BE4","Ross Hunter"
"BE7","Martin Jurow, Richard Shepherd"
"BE9","B.Edwards"
"BE12","Martin Jurow, B.Edwards"
"BE16","B.Edwards"
"BE23","B.Edwards, Tony Adams"
"BE30","Tony Adams"
"BE34","B.Edwards, Tony Adams"
"BE37","B.Edwards"
"BE47","Blake Edwards, Berry Weitz"
"CoW5","C.Wilde"
"CSG10","Sam Katzman"
"DeM1","Hecht"
"DeM2","Harold Hecht"
"DeM8","Stanley Shapiro, Marty Melcher"
"DeM10","Stanley Shapiro, Martin Melcher"
"DeM17","Tom Leetch"
"DeM20","Harold Hecht"
"DM100","Hitchcock"
"DM101","Hitchcock"
"DM230","Walter Mirrisch"
"GFj15","Herman Cohen"
"HeH10","Berman"
"HeH12","Nicholas Nyfack"
"InA10","I.Allen"
"InA15","I.Allen"
"InA30","I.Allen"
"IPa10","J.Parker"
"JCn1","Clayton"
"JCn2","Clayton"
"JCn4","Clayton"
"JCn6","David Merrick"
"JuA100","Hitchcock"
"JuA101","Hitchcock"
"JuA102","Hitchcock"
"JuA103","Hitchcock"
"JuA106","Hitchcock"
"JuA107","Hitchcock"
"MvS1","Jack Rose"
"MvS2","Jack Rose"
"MvS3","Jack Rose"
"MvS10","Shavelson"
"NPa3","Frank, Panama"
"PhD2","Ph.Dunne"
"RAl5","Altman"
"RAl20","Hitchcock, Harrison"
"RAl55","Altman"
"RAl56","Ingo Preminger"
"RAl62","LouAdler"
"RAl68","D.Foster, Mitchell Brower"
"RAl70","Elliott Kastner"
"RAl71","Robert Eggenwiler"
"RAl72","Altman, Joseph Walsh"
"RAl73","Martin Starger"
"RAl76","Altman"
"RAl87","Daniel Meknick"
"RAl104","Altman, Etchie Stroh"
"RCo3","Bernard Woolner"
"RCo9","Corman"
"RCo13","Corman"
"RCo14","Corman"
"RCo15","Corman, Gene Corman"
"RCo23","Corman"
"RCo32","Corman"
"RCo33","Corman"
"RCo35","Gene Corman"
"RCo37","Corman"
"RCo38","Corman"
"RCo43","Corman"
"RCo45","Corman"
"RCo47","Corman"
"RCo60","Corman"
"RSt100","Hitchcock"
"RSt102","Hitchcock"
"RSt103","Hitchcock"
"RSt104","Hitchcock"
"RSt105","Hitchcock"
"RSt107","Hitchcock"
"RSt108","Hitchcock"
"RSt109","Hitchcock"
"RSt110","Hitchcock"
"RSt111","Hitchcock"
"RSt112","Hitchcock"
"RSt113","Hitchcock"
"RSt114","Hitchcock"
"RSt115","Hitchcock"
"RSt116","Hitchcock"
"RSt117","Hitchcock"
"RSt118","Hitchcock"
"RSt319","Hitchcock"
"RSt320","Hitchcock"
"RSt321","Hitchcock"
"RSt324","Hitchcock"
"RSt325","Hitchcock"
"RSt326","Hitchcock"
"RSt327","Hitchcock, J.Harrison"
"RSt329","Hitchcock"
"RSt330","Hitchcock"
"RSt331","Hitchcock"
"RSt332","Hitchcock, J.Harrison"
"RSt334","Hitchcock"
"RSt335","Hitchcock"
"RSt336","Hitchcock, J.Harrison"
"RSt338","Hitchcock"
"RSt339","Hitchcock, J.Harrison"
"RSt340","Hitchcock"
"RSt341","Hitchcock"
"RSt342","Hitchcock, J.Harrison"
"RSt344","Hitchcock"
"RSt441","Hitchcock"
"RSt442","Hitchcock"
"RSt445","Hitchcock"
"RSt446","Hitchcock"
"SK1","St.Kramer"
"SK6","St.Kramer"
"SK12","St.Kramer"
"SK14","St.Kramer"
"SK16","St.Kramer"
"SK20","St.Kramer"
"SK26","Lew Grade, Martin Starger"
"SK30","St.Kramer"
"ToG6","Walter Mirisch"
"ToG15","Jerry Gershwin"
"VDa10","Aaron Rosenberg"
"WiF10","Herbert Mason"
"AVL2","Ray Wander"
"AVL10","Robert L. Jacks"
"AVL11","Robert L. Jacks"
"AVL30","Euan Lloyd"
"AVL35","Euan Lloyd"
"CD8","Charlie~Feldman"
"CD20","Jach C. Wiener"
"CD22","Jack H. Wiener"
"FCk1","Hitchcock"
"FCk2","Hitchcock"
"FiC1","Jed Harris, Michael Myerberg"
"FrE10","OCamp, A.O. Bayer"
"GeP40","Ray~Stark"
"HeD100","Hitchcock"
"HeD102","Hitchcock"
"HeD104","Hitchcock"
"HeD106","Hitchcock"
"HeD109","Hitchcock"
"HeD111","Hitchcock"
"HeD112","Hitchcock"
"HeD113","Hitchcock, J.Harrison"
"HeD114","Hitchcock, J.Harrison"
"HeD115","Hitchcock, J.Harrison"
"HeD116","Hitchcock, J.Harrison"
"HeD117","Hitchcock, J.Harrison"
"HeD119","Hitchcock, J.Harrison"
"HeD120","Hitchcock, J.Harrison"
"HeD122","Hitchcock"
"HeD123","Hitchcock"
"HeD125","Hitchcock"
"HeD126","Hitchcock"
"IML101","Hitchcock"
"IML102","Hitchcock"
"JNs100","Hitchcock"
"JNs101","Hitchcock"
"JNs102","Hitchcock"
"JNs103","Hitchcock"
"JNs104","Hitchcock"
"JNs105","Hitchcock"
"JNs106","Hitchcock, J.Harrison"
"JNs107","Hitchcock"
"JNs108","Hitchcock"
"JNs109","Hitchcock"
"JNs110","Hitchcock"
"JNs111","Hitchcock"
"JNs112","Hitchcock"
"JNs210","Ron Miller"
"JuB101","Hitchcock"
"JuB104","Hitchcock"
"LMa37","Vincent Malle, Simon Relph"
"MR2","Jerry Wald"
"MR4","Carlo Ponti, Marcello Girosi"
"MR14","Turman"
"MR15","Ritt, Walter Bernstein"
"MR17","Julius~Epstein"
"MR19","Ritt"
"MR25","Ronald Shedlo"
"MR29","Robert B. Radnitz"
"MR30","Streisand"
"NAC10","Cerf"
"RoV1","Raoul Levy"
"RoV7","DeLaurentiis"
"RoV13","Gene Roddenberry"
"TPo12","Dennis F. Stevens"
"ArH102","Hitchcock, J.Harerison"
"ArH103","Hitchcock, J.Harrison"
"ArH104","Hitchcock"
"ArH106","Hitchcock, J.Harrison"
"ArH108","Hitchcock, J.Harrison"
"ArH110","Hitchcock, J.Harrison"
"ArH113","Hitchcock, J.Harrison"
"ArH114","Hitchcock, J.Harrison"
"ArH115","Hitchcock, J.Harrison"
"ArH116","Hitchcock"
"ArH117","Hitchcock,J.Harrison"
"ArH210","Howard Gottfried"
"ArH215","Martin Ranshoff, Frank Yablans"
"ArH218","Allen Adler, Danny Melnick"
"ArH220","Walter Mirrisch, Morton Gottlieb"
"ArH225","Hiller"
"ArH227","Aaron Russo"
"AuJ10","Ben Schwalb"
"BB3","Burt~Balaban, Stuart Rosenberg"
"DTa100","Hitchcock"
"DTa101","Hitchcock"
"DTa102","Hitchcock"
"DTa103","Hitchcock"
"DTa104","Hitchcock, J.Harrison"
"DTa105","Hitchcock"
"DTa106","Hitchcock"
"DTa212","Harvey Bernard"
"DTa215","Peter Vincent Douglas"
"EMo17","Alain Poire"
"EMo20","Marcello Danon"
"EMo25","Marcello Danon"
"FMe10","Abel Salazar"
"FMe12","Abel Salazar"
"FrR20","Patrice Ledoux"
"GTh10","Peter Rogers"
"GTh12","Peter Rogers"
"GTh14","Peter Rogers"
"GTh16","Peter Rogers"
"GTh18","Peter Rogers"
"GTh20","Peter Rogers"
"GTh22","Peter Rogers"
"GTh24","Peter Rogers"
"GTh26","Peter Rogers"
"GTh28","Peter Rogers"
"GTh30","Peter Rogers"
"GTh32","Peter Rogers"
"GTh37","Peter Rogers"
"GTh38","Peter Rogers"
"GTh40","Peter Rogers"
"GTh42","Peter Rogers"
"GTh44","Peter Rogers"
"GTh46","Peter Rogers"
"GTh50","Peter Rogers"
"GTh52","Peter Rogers"
"GTh54","Peter Rogers"
"GTh55","Peter Rogers"
"GTh56","Peter Rogers"
"GTh57","Peter Rogers"
"GTh58","Peter Rogers"
"GTh60","Peter Rogers"
"GTh62","Peter Rogers"
"IFr4","Axelrod, Koch"
"IFr5","St.Milar"
"IFr6","Frankenheimer"
"IFr18","Philip D'Antoni"
"IFr25","Robert L. Rosen"
"IFr30","Lyle Poncher"
"IFr35","Henry T. Weinstein"
"IFr52","Frank Macusi~jr."
"InH2","Tanaka"
"InH18","Tanaka"
"InH25","Tanaka"
"JBC14","Ted Sherdiman"
"JBC27","J.B.Clark"
"MiW12","Maurice Foster, Ben Arbeid"
"MiW21","Winner"
"MiW23","David V.~Picker"
"MiW30","Elliot Kastner"
"MRe7","Relph, Dearden"
"RDa1","Launder, Gilliat"
"RDa3","John Croydon, Charles F. Vetter~jr."
"RDa5","M.Smedley Ashton"
"RDa9","Sy Weintraub"
"RMu37","Walter Mirisch"
"RMu46","Mulligan"
"SJF11","Saltzman"
"SL1","Henry Fonda, Reginald Rose"
"SL7","Max E. Youngstein"
"SL14","Lumet"
"SL15","Martin Poll"
"SL19","Robert M. Weitman"
"SL20","Bregman"
"SL22","Bregman"
"SL23","Howard Gottfried"
"SL35","R.Zanuck, D.Brown"
"SL39","John VanRyssen"
"SL56","Ransohoff"
"SS5","R.Zanuck, D.Brown"
"SS6","William S. Gilmore~jr."
"SS13","Spielberg, Jon Peters, Peter Guber"
"SS26","Brandon?"
"SS34","Spielberg, Ian Bryce"
"SSi115","Hitchcock"
"AN10","Blanke"
"AnQ10","deMille"
"ArP5","Beatty"
"ArP10","Hiller"
"ArP15","Robert M. Sherman"
"ArP16","Elliott Kastner"
"ArP18","Fred Coe"
"AtR10","Mitchum"
"BoS50","Hitchcock"
"BoS61","Hitchcock"
"BoS62","Hitchcock"
"BoS75","Walter Seltzer"
"ClC20","Andre Genoves"
"ClC35","Andre Genoves"
"DLR3","Hitchcock"
"DLR4","Hitchcock"
"DLR5","R.Hunter"
"DLR10","J.Lang"
"DVs1","Hitchcock"
"DvS3","George Golitzen"
"FT4","Marcel Bebert"
"FT8","Marcel Bebert"
"FT10","FT10"
"FT15","Marcel Bebert"
"FT16","Marcel Bebert, Claude Miller"
"FT20","Marcel Bebert"
"IGi10","Harold Huh"
"IGi20","Michael Green, Joe Vegoda"
"IrK2","Don Murray, Walter Wood"
"IrK14","Gary Kurtz"
"IrK15","Jack Schwarzman"
"IrK25","Jon Davidson"
"JCa4","Jerry Wald"
"JCa7","Steve Parker"
"JCa9","Leslie Elliott"
"JCv2","Clavell"
"JCv4","Clavell"
"JCv12","Clavell"
"JCv16","Clavell"
"JFe10","Zimbalist"
"JFe20","Charles Brackett"
"KRz4","T.Richardson"
"KRz14","Leon Clore"
"KRz25","I.Winkler, Chartoff"
"KRz36","Leon Clore"
"KRz40","Bernard Schwartz"
"MCm1","Sacha Gordine"
"MdC10","daCosta"
"NLl93","Hitchcock, J.Harrison"
"NLl95","Hitchcock, J.Harrison"
"NLl96","Hitchcock, J.Harrison"
"NLl97","Hitchcock, J.Harrison"
"NLl98","Hitchcock, J.Harrison"
"NLl99","Hitchcock, J.Harrison"
"NLl100","Hitchcock, J.Harrison"
"NLl103","Hitchcock, J.Harrison"
"NLl104","Hitchcock, J.Harrison"
"NLl107","Hitchcock, J.Harrison"
"NLl108","Hitchcock"
"NLl109","Hitchcock"
"NLl111","Hitchcock"
"NLl113","Hitchcock"
"NLl114","Hitchcock"
"NLl115","Hitchcock"
"RCu10","Marc Frederic"
"SHa10","George E. Brown"
"SHo2","Jimmy Sangster"
"SHo4","Jimmy Sangster"
"WWh50","Hitchcock"
"Chahine","Chahine"
"ChH10","Hitchcock"
"DoS8","Harry Alan Towers"
"DoS12","Andrew Donally"
"DoS16","James Kenelm Clarke"
"DPt19","Robert R. Weston"
"DPt21","David Susskind"
"DPt23","Michael Trikilis"
"DPt30","Mark Levinson"
"INw30","Hitchcock"
"INw31","Hitchcock"
"INw32","Hitchcock"
"INw33","Hitchcock"
"JLG9","Carlo Ponti"
"JLG55","Boyd's Co."
"LeH10","Hitchcock"
"Leh20","Hitchcock"
"Leh21","Hitchcock"
"PlA100","Hitchcock, J.Harrison"
"PlA101","Hitchcock, J.Harrison"
"PWe2","Lewis KJ. Rachmill"
"PWe10","Richard Berg"
"RuM40","Russ~Meyer"
"SRo1","Hitchcock, J.Harrison"
"SRo2","Hitchcock, J.Harrison"
"SRo3","Hitchcock, J.Harrison"
"SRo4","Hitchcock, J.Harrison"
"SRo20","Gordon Carrol"
"SRo35","Turman, David Foster"
"SRo40","Ron Silverman"
"TRs1","Saltzman, Gordon L.T. Scott"
"TRs3","John Croydon"
"TRs4","T.Richardson"
"TRs12","T.Richardson"
"TRs22","Neil Hartley"
"TRs23","Neil Hartley"
"TRs25","Neil Hartley"
"VJD2","Schary"
"ACj110","Hitchcock, J.Harrison"
"ACj111","Hitchcock, J.Harrison"
"ACj112","Hitchcock"
"ACj113","Hitchcock, J.Harrison"
"ACj115","Hitchcock, J.Harrison"
"ACj116","Hitchcock, J.Harrison"
"ACj117","Hitchcock, J.Harrison"
"ACj119","Hitchcock"
"ACj120","Hitchcock"
"ACj121","Hitchcock"
"ACj122","Hitchcock"
"ACj123","Hitchcock"
"ACj124","Hitchcock"
"ACj125","Hitchcock"
"ACj127","Hitchcock"
"ACj128","Hitchcock"
"BiK10","William J. Farris"
"DuC10","DeLaurentiis"
"DPo7","Amiel"
"GeR1","Hitchcock"
"GiP10","Antonio Musu"
"GOu20","Alain Poire"
"GPl10","Pal"
"GSj1","Hitchcock, J.Harrison"
"GSj2","Hitchcock, J.Harrison"
"HAG1","Hitchcock, J.Harrison"
"IMx10","Steven Pallos, Donald Taylor"
"IS3","Joe Janni"
"IS6","J.Hellman"
"IS10","Joe Lanni"
"IS11","Don Boyd"
"IS25","James Robinson"
"JL5","J.Lewis"
"JL10","J.Lewis"
"JL13","J.Lewis"
"JL15","J.Lewis"
"JWa2","J.Wayne"
"LSt10","L.Stevens"
"MaB1","Massimo Derita"
"MaB10","Lou Moss"
"MBo10","Paolo Moffa"
"MeW10","Berj Hagopian"
"MeW30","Harry Cushing"
"RMD10","Freed"
"RRu20","Rush, Melvin Simon"
"SiA10","Dino Mordini, Georgia Aglaini, Rudolphe Solmsen"
"AKj10","Hitchcock, J.Harrison"
"AKj11","Hitchcock"
"AKj12","Hitchcock"
"AKj13","Hitchcock"
"AKj14","Hitchcock"
"AKj15","Hitchcock"
"AKj17","Hitchcock"
"AKj18","Hitchcock"
"AKj19","Hitchcock"
"AKj21","Hitchcock"
"BFo12","Edgar J. Sherrick"
"BFo13","David Frost, Stuart Lyons"
"BFo14","B.Forbes"
"CBl20","Blackwood"
"CBl25","Blackwood"
"CBl32","Blackwood"
"CBl35","Blackwood"
"CBl40","Blackwood"
"CBl67","Blackwood"
"CBl69","Blackwood"
"CBl70","Blackwood"
"CBl73","Blackwood"
"ElP10","Blackwood"
"EOB1","OBrien"
"FrF28","Ronald j. Kahn"
"FrF30","Pier Caminneci"
"FrF40","Norman Priggen"
"FrF45","Herman Cohen"
"GeW3","G.Wilder"
"GeW5","Victor Drai"
"GnN14","Sam Katzman"
"GnN15","Sam Katzman"
"GoH50","Hessler"
"GoH51","Max J. Rosenberg, Milton Subotsky"
"GoH54","Charles H. Schneer"
"GxR03","G.Reinhardt"
"GxR05","G.Reinhardt"
"GxR06","G.Reinhardt"
"GxR07","G.Reinhardt"
"GxR10","G.Reinhardt"
"GxR20","G.Reinhardt"
"GxR10","G.Reinhardt"
"GxR10","G.Reinhardt"
"HrC10","Jacques Nahum"
"ICs9","JCassavetes"
"ICs10","JCassavetes"
"ICs11","JCassavetes"
"JoQ10","Louis deRochemont"
"MBd10","Frank P. Rosenberg"
"PdB3","Georges Danciger"
"PMo12","Andy Warhol"
"PMo13","Andy Warhol"
"PMo15","Andy Warhol"
"PMo17","Andy Warhol"
"PMo19"," Warhol"
"PMo22","carlo Ponti, Andrew Braunsberg"
"PMo27","Jack Simmons"
"PlT60","V.Taviani"
"RDL3","Walter Shenson"
"RDL4","Oscar Lewenstein"
"RDL11","Richard Alan Simmons"
"RDL12","Alexander Salkind, Michael Salkind"
"RDL13","David V. Picker"
"RDL15","Dennis ODell"
"RDL18","Alex Winitsky, Arlene Sellers"
"RDL19","Pierre Spengler"
"RDL20","Pierre Spengler"
"RDL24","Sandra Marsh, Terence Marsh"
"RoP2","Gene Gutowski"
"RoP5","William Castle"
"RoP9","Andrew Braunsberg"
"RoP15","Thom Mount, Tim Hampton"
"RoP20","Polanski"
"SaP4","Phil Feldman"
"SaP11","D.Foster, Mitchell Brower"
"SaP20","Robert M. Sherman"
"SeL55","Aaron Milchan"
"BB7","Alberto Grimaldi"
"BB8","Alberto Grimaldi"
"BB11","Jeremy Thomas"
"BB15","Jeremy Thomas"
"BGi10","Hitchcock, J.Harrison"
"BGi11","Hitchcock, J.Harrison"
"BGi13","Hitchcock, J.Harrison"
"BGi16","Hitchcock"
"BGi17","Hitchcock"
"BGi18","Hitchcock"
"BGi19","Hitchcock"
"BGi20","Hitchcock"
"BGi21","Hitchcock"
"CJ4","Hunter"
"CJ9","Jan Williams"
"ElS4","Howard"
"FPy1","Paul M. Heller"
"Fpy7","F.Perry"
"FPy8","Alfred Crown, F.Perry"
"FPy10","F.Perry"
"FPy20","Frank Yablans"
"FPy22","Kurt Neuman, Frank Yablans"
"GgE10","Englund"
"GRH1","Lawrence Weingarten"
"GRH3","J.Hellman"
"GRH4","Walter Mirisch"
"SU:","HA"
"GRH5","Ross Hunter"
"GRH9","G.R.Hill"
"GRH10","Robert F. Wunsch, Stephen Friedman"
"GRH11","Patrick Kelly"
"GRH20","Robert L. Crawford"
"ILb10","Lamb"
"ILb12","Lamb"
"JsL10","Hitchcock"
"LFr10","Bob Cresse, David Andrew, Wesdon Bishop"
"LHM1","Brian Foy"
"LHM3","William Dozier"
"PY7","Paul Monash"
"PY11","Yates"
"PY19","Ted Mann, Ron Silverman"
"PY25","John Veitch, Daniel E. Sherkov"
"PY37","Ted Fried, Roland Croft"
"RD9","Lauren Shuler, R.Donner"
"R.Donner","Actn"
"RD15","R.Donner, Lauren Shuler"
"RD30","Lauren Shuler"
"RD37","Mel Gibson, Bruce Davey"
"RD41","Joel Silver, R.Donner"
"RNe1","David Susskind"
"RNe10","R.Nelson"
"RNe23","Arnold H. Orgolini, Anita Doohan"
"SP5","Hitchcock"
"SP6","Hitchcock"
"SP25","Ransohoff, John Calley"
"SP31","Stephen Alexander"
"SP40","Joe Wizan"
"SP45","S.Pollack, Michael Hamilburg"
"SP49","S.Pollack"
"SP55","S.Pollack"
"SP61","S.Pollack"
"SP67","Scott Rudin, John Davis"
"ASe10","David Susskind"
"BdY3","Norman~Lear"
"BoW4","Waldemar Bergendahl"
"CuH20","Rony Yacov"
"DCh15","Carreras"
"FFC3","Joseph Landon"
"FFC6","Coppola"
"FFC8","Coppola"
"FFC12","Robert Evans"
"FFC15","Paul R. Gurian"
"FJS2","St.Millar"
"FJS5","Hal E. Chester"
"FJS14","Sam Spiegel"
"FJS29","Stanley O'Toole"
"FJS35","Peter Fetterman"
"HvH11","Hitchcock"
"HvH12","Hitchcock"
"HvH14","Hitchcock"
"ILa10","L.Steven Snyder"
"ILa32","Matty Simmons,Reitman"
"ILa34","George Folsdey~jr."
"ILa38","Aaron Russo"
"ILa55","Wachs, Lipsky"
"JaS10","Hitchcock"
"JaS11","Hitchcock"
"JaS12","Hitchcock"
"JaS13","Hitchcock"
"JaS13","Hitchcock"
"JaS38","S.C.Siegel"
"JaS40","Hal E. Chester"
"JaS46","J.Lang"
"JaS48","Walter Mirisch"
"JaS65","Renee Valente"
"JSn10","Hitchcock"
"KgD10","Tommy Noonan, D.F.Taylor"
"LiW10","Wertmuller"
"LiW25","Carlo Ponti"
"NJ8","Mirisch, Jewison"
"NJ13","Jewison"
"NJ16","Joe Wizan"
"NJ20","Patrick Palmer, Jewison"
"PK3","Ransohoff"
"PK7","I.Winkler, Chartoff"
"RHd2","Hans Oppenheimer, Ray Ventura"
,"Haedrich"
"RtD10","Hitchcock"
"RtD13","Hitchcock"
"SPv10","Peter V. Herald"
"WHu10","Roy Bard"
"HaM11","Hitchcock"
"IDk10","Bo Derek"
"IvP24","Martin Schute"
"IvP40","Mark Carliner"
"JGs20","John Foreman"
"JGs31","Jennings Lang"
"KRu2","Larry Kramer"
"KRu4","Robert H. Solo"
"KRu6","K.Russell"
"KRu10","Harry Benn"
"KRu25","K.Russell"
"KRu25","K.Russell"
"KRu37","Ronald Vasconcellos"
"LwT10","Hitchcock"
"LwT30","D.Constantine Conte"
"LwT50","Brenda Feigen, Bernard Williams"
"MAp27","Bob Larson"
"MAp43","Robert Redford"
"MAp45","David Blocker"
"MF6","Lester Persky, Michael Butler"
"MF7","deLaurentiis"
"MF8","Saul Zaentz"
"MZ1","Rune Waldekranz"
"PTw1","Everett Freeman"
"TyN10","Ty,Noonan, Ian McGlashan"
"WFr10","Hitchcock"
"WFr11","Hitchcock"
"WFr12","Hitchcock"
"WFr13","Hitchcock"
"WFr14","Hitchcock"
"WFr33","Norman~Lear"
"WFr35","Philip D'Antoni"
"WFr36","Willaim Peter Blatty"
"WFr60","Irving H. Levin"
"AHb20","Paul Cadeac"
"AMD3","Joseph Fryd,"
"CCG3","Jacques Perrin"
"CCG4","Robert Dorfman"
"CCG7","Guber, Peters"
"CCG10","I.Winkler"
"EtS5","Ponti"
"FrC1","F.Coe"
"FrP2","Peters"
"HCo10","Hitchcock"
"IBo5","Boorman"
"IBo7","Boorman, Richard Lederer"
"IBo20","Boorman"
"IBo27","Boorman"
"JBH10","J.B.Harris"
"JBH20","James B. Harris"
"JBH30","Marc Frydman,"
"JTl9","Lorenzo Semple~jr."
"MRv6","Arnold Miller"
"NoT3","Winston Hibler"
"NoT10","Bill Anderson"
"NoT12","Ron Miller"
"NoT15","Ron Miller"
"SkT1","Reuben Berkovitch"
"SSa10","Leon Fromkess"
"WCo10","Conrad"
"WTN12","Martin T. Low, Naud"
"BBw10","Br.Brown"
"DrH10","Boris Ingster"
"EBy10","Joe Connelly, Bob Mosker"
"EBy20","I.Allen"
"FZe2","deLaurentiis"
"FZe10","John Thompson, Fulvio Lucisano"
"FZe15","Dyson Lovell"
"FZe21","Dyson Lovell"
"GAd5","Axelrod"
"GAd10","Axelrod"
"GiG10","Gazcon"
"HyA3","Averback"
"HyA10","Fred Engel"
"JeH10","Jack Nicholson"
"JSg5","Victor"
"JSg22","Terry Carr"
"JSg35","Robert Halmi~sr."
"JSk25","Mark Skioros, Michael White, Skolimowski"
"JuF6","Tanaka"
"JuF18","Tanaka"
"LBn10","Buchanan"
"MlC10","Carreras"
"MeG12","Golan"
"MeG40","Golan"
"MN2","Turman"
"MN4","M.Nichols"
"MN11","Nichols, Robert Greenhut"
"MiS3","Robert Fryer"
"REM5","Julius~Epstein"
"SNz10","Otto Plasckes, Robert A. Goldston"
"ADr10","Katzman"
"BuK5","Marvin Schwartz"
"BuK10","William Bowers"
"CaR1","C.Reiner, Joseph Stein"
"CaR5","C.Reiner"
"CaR15","Jerry Weintraub"
"CaR20","David V. Picker, William E. McEuen"
"CaR31","Don~Miller"
"CaR35","Katie Jacobs, Pierce Gardner"
"CaR38","Leslie Dixon, Jerry~Bruckheimer"
"CfO10","Harry Allan Towers"
"FrW50","Wiseman"
"IAv4","David Gil"
"IAv10","Gene Kirkwood"
"IAv16","Steve Shagan"
"IAv18","Jerry Weintraub"
"IAv19","Norman Twain"
"IAv20","Jerry Weintraub"
"JrS10","Harry Alan Towers"
"JSi10","Strick"
"JTh10","Thorpe,E.Jack Neuman"
"LaJ13","Freddie Fields"
"MRt5","Redford"
"MRt6","M.Ritchie"
"MRt7","Stanley Jaffe"
"MRt11","R.Zanuck, D.Brown"
"MRt18","Douglas, Gresman"
"PCo11","Harry Alan Towers"
"PCo12","Peter Shaw"
"PCo13","Josef Shaftel"
"ToL1","Delores Taylor"
"ToL10","Mary Rose Solti"
"WBz13","Anatole Dauman"
"AHv10","Martin Poll"
"AnP7","Corman"
"AnP8","Michael Carreras, Tom Sachs"
"BKo10","Lester A. Sansom"
"BdP2","Charles Hirsch"
"BdP8","E.Pressman"
"BdP11","Robert S. Bremson"
"BdP13","Ron Pressman"
"BdP14","Samuel Z. Arkoff"
"BdP16","Bregman"
"BdP17","B.dePalma"
"BdP18","Aaron Russo"
"BdP30","Tom Cruise, Paula Wagner"
"BzK8","William Castle"
"BzK20","Mort Engelberg"
"CPR10","Clifford Parkes"
"GgD10","Al Brodax"
"GiC10","John Shaner"
"GRo1","Russel Steiner, Karl Hardman"
"GRo7","Alvin C. Croft"
"JOC10","Charles H. Schneer"
"JFr12","Harry Alan Towers"
"JFr15","Harry Alan Towers"
"JGo10","Jules Buck"
"JGo13","Arnon Milchan, Elliott Kastner"
"JiC20","Milton Subotsky"
"JMB2","Sidney Glazier"
"JMB5","Adam Fields"
"JRl10","Sam Selsky"
"JRl15","Sam Selsky"
"JRl20","Sam Selsky"
"KFu30","Haruli Kadokawa"
"MB2","Michael Herzog"
"MB3","Michael Herzberg"
"MB4","Michael Gruskoff"
"MB5","Michael Hertzberg"
"MB6","Mel~Brooks"
"MRy1","Howard Koch"
"MRy10","Bruce Gilbert"
"MRy21","Bud Yorkin, Golchan"
"NoB3","Marshall Backlear"
"PBo2","Bogdanovich, Corman"
"PBo3","Stephen J. Friedman"
"PBo5","Peters"
"PBo6","Bogdanovich"
"PBo7","Bogdanovich"
"PBo9","Frank Marshall"
"PBo11","George Morfogan, Blaine Novak"
"PBo15","Martin Starger"
"PlB2","Sergei Petchnikoff"
"PlB12","Harry Keller"
"PlB20","P.Bogart"
"PNe3","P.Newman"
"UlG3","Stanley Beck, Tim Zinneman"
"UlG10","James D. Brubaker"
"WLW10","W.Wilder"
"YYa78","Shigehiro Nakagawa"
"AlA10","Adamason"
"AlG11","Josephine Douglas"
"BSc20","Schroeder, Fred Roos, Tom Luddy"
"BSc25","E.Pressman, O.Stone"
"BSc28","Schroeder"
"DCa5","Sanford Lieberson"
"DCa10","Herb Jaffe"
"DnH30","Corman"
"HbR6","Ray~Stark"
"HbR21","Lewis J. Rachmil, Craig Zadan"
"HbR30","Ray~Stark"
"HJL10","Leder"
"IDx5","Carl Foreman"
"IWa40","John Fiedler, Mark Tarlov"
"LPe7","Dominick Dunne"
"NiR3","Peter Katz"
"PHt1","Saltzman, Cubby"
"PHt13","Josef Shaftel"
"PHt20","Euan Lloyd"
"RA2","Carl Foreman"
"RA3","Levine"
"RA5","Attenborough"
"RA8","Cy Feuer, Ernest Martin"
"RA10","Attenborough"
"RA15","Attenborough, Mario Kassar"
"RA17","Spelling"
"RWF5","Peter Berling"
"RWF22","Fassbinder"
"RWF27","Michael Fengler"
"RWF33","Luggi Waldleitner"
"RWF35","Thomas Sch\""uhly"
"SBg10","Wes Hershelson, Bruce Campbell"
"WA2","Rollins"
"WA4","Rollins"
"WA6","Rollins"
"WA7","Rollins"
"WA8","Rollins"
"WA9","Rollins"
"WA10","Rollins"
"WA11","Rollins"
"WA12","Greenhut"
"WA13","C.R.Joffe, Rollins, Greenhut"
"WA14","Greenhut"
"WA15","Greenhut"
"WA18","Greenhut"
"WA19","Robert Greenhut"
"WA21","Jack Rollins, Charles H. Joffe"
"WA28","Jean Doumanian"
"AML1","John Lawrence"
"AyM18","William Miskin"
"BGH10","Irving Leonard"
"BGH20","Elliott Kastner"
"BGH26","Fred Weintraub"
"BRf1","Bert Schneider"
"BRf4","Harold Schneider, Rafelson"
"BRf20","Charles Mulvehill, Harold Schneider, Rafelson"
"DaA3","Salvatore Argento"
"DaA5","Argento"
"DCs1","D.Curtis"
"DCs10","D.Curtis"
"DCs12","D.Curtis"
"DCs15","D.Curtis"
"DCs30","Barbara Steele, D.Curtis"
"DCR15","Claude Heroux"
"DCr17","Cebra Hill"
"DCr20","Stuart Cornfeld"
"DHe10","Corman, Jack Bohrer"
"DoC7","Coscarelli, Paul Pepperman"
"EMa10","Joe Manduke"
"EMa15","Edgar J. Scherick"
"EMa25","Beatty"
"FKr15","Alberto Grimaldi"
"FKr17","Alberto Grimaldi"
"FKr20","Alberto Grimaldi"
"FSc10","Paul N. Lazarus"
"FSc15","E.Pressman, Verity Lambert"
"FSc29","Schepisi. A.Milchan"
"FSc31","Scott Rudin"
"HAs2","Higgins"
"HAs3","Gerald Ayres"
"HAs4","Guber, Beatty"
"HAs6","J.Hellman"
"HAs7","Andrew Braunsberg"
"HAs9","James william Guerico"
"HAs10","Robert Schaffel"
"HWe10","Tully Friedman"
"HPr20","Elliott Kastner"
"JaB2","Robert C. Thompson, Rodrick Paul"
"JaB5","Bruce Gilbert"
"JSb3","John Foreman, Jennings Lang"
"JSb5","Dominick Dunne"
"JSb10","Martin Bregman"
"JSb13","S.Pollack"
"KCo20","Fred Wientraub, Paul Heller"
"KCo25","John Dark"
"LJe2","Barry Levinson"
"MS4","David Susskind"
"MS5","Michael Phillips, Julia Phillips"
"MS7","Gene Kirkwood"
"MS18","Chartoff, I.Winkler"
"MS19","Arnon Milchan"
"MS20","Amy Robinson, G.Dunne, Robert F. Colesberry"
"MS23","I.Winkler"
"MWa10","Rupert Hitzig"
"PaS10","Peter J. Oppenheimer"
"PeS3","Alexander Paal"
"PM1","M.J. Frankovich"
"PM2","Larry Tucker"
"PM3","Mazursky"
"PM4","Mazursky"
"PM5","Mazursky"
"PM10","Mazursky"
"PM15","Paul Simon, Mazursky"
"RAu10","Ralph Solomons"
"RBe2","Altman"
"RBe3","Stanley Jaffe"
"RBe19","Arlene Donovan, Scott Rudin"
"RFu11","Louis M. Heyward, Ron Dunas"
"RFu12","Richard Dalton"
"RFu20","Sandy Howard"
"SSg20","Sedall"
"ThC40","John Bard Manulis, Mark Gordon"
"VME8","Ron Miller"
"VME11","Winston Hibbler"
"VME13","Bill~Walsh"
"VME14","Bill Anderson"
"VME15","Ron Miller"
"WCr5","Peter Locke"
"WCr10","Benjamin Melniker Michael Uslan"
"WCr15","Robert Shaye"
"WCr22","Robert M. Sherman"
"Z7110","Josephine Piranesi"
"AJP1","Pakula"
"AJP2","Pakula"
"AJP15","S.Pollack"
"AJy10","Allan Klein"
"CEa1","Robert Daley"
"CEa2","Robert Daley"
"CEa4","Robert Daly"
"CEa6","J.Lang"
"CEa9","Eastwood"
"CEa11","Eastwood"
"CEa15","David Valdes"
"CEa17","Mark Johnson, David Valdes"
"CEa19","P(Eastwood, Karen Spiegel)"
"CEa21","Richard D. Zanuck, Lili Fni Zanuck"
"CoH1","Thomas L. Miller"
"CoH2","Bruce Gilbert"
"CoH3","Thomas L. Miler"
"CWr10","Peter Rawley"
"DTr3","Trumbull"
"DTr10","Trumbull"
"EPe10","Owen Crump"
"GgL1","Lawrence Sturhahn, Coppola"
"GgL2","Coppola, Gary Kurtz"
"GgL3","Spielberg, Gary Kurtz"
"GgL5","Rick McCallum"
"GPk10","Joel Freeman"
"GPk14","Richard Lewis, Ernest Tidyman"
"HJ7","Meira Atta Dor"
"HKu10","Howard J. Zucker, Alain Guillaume, Paul Collet"
"IBa7","R.Cohen"
"IBa9","Milt Felsen"
"IBa10","Marvin Mirisch, Tom Pevsner"
"IBa12","Leonard Goldberg"
"IBa13","Gordon Carroll"
"IHk10","Harray Alan Towers"
"IHk20","Berle Adams"
"IHk30","Sandy Howard"
"IvR6","Spielberg, Gross, Medjok"
"IvR14","Reitman, Brian Grazier"
"JLr10","Brian SmedleyAston"
"JVl10","Demme"
"JVl12","Demme"
"LTu10","Turman"
"MSL15","Walter Coblenz"
"MvC10","George Hamilton"
"MvC30","Irwin Yablans"
"PDu3","Max J. Rosenberg, Miton Subotsky"
"PWr2","Jim McElroy, Howard McElroy"
"PWr3","Hal McElroy, Jim McElroy,"
"PWr5","Martin Cooper, Ben Gannon"
"PWr6","McElroy"
"PWr8","Edward S. Feldman"
"PWr10","J.Hellman"
"PWr12","Steve Haft"
"PWr21","Scott Rudin, Audrey Niccol"
"RBa12","Frank Marcuso~jr."
"RSa5","Norman Spencer"
"RSfl0","Martin Poll, E.Perry"
"RSf20","David Korda"
"SPo2","Melville Tucker, Pembroke J. Herring"
"Spo8","Ransohoff"
"StF3","Sarah Radclyffe, Tim Bevan"
"StF5","Norma Heyman, Hank Moonjean"
"StF10","Scorsese"
"StF12","Laura Ziskin"
"BaP10","Gene Corman"
"BCl4","Robert A. Goldstone"
"BCl10","Rene Dupont"
"DaH2","Rolf Thiele"
"DuW10","Giulio Zampi"
"EgM10","Bernard Gordon"
"EuM10","Bernard Gordon"
"GCS10","Fred Weintraub"
"GBl10","Theodore Sills"
"HwM10","Schenck"
"JeJ10","William Frye"
"JqL10","Buck~Edwards"
"PBa1","Corman"
"PBa6","Anne Kimmel"
"PBa12","Anne Kimmel, Bradkey Laven"
"PMe10","Jules Buck, Jack Hawkins"
"PMe15","Joel B. Michaels"
"PMe30","Dominic Anciano, Ray Burdis"
"PMe36","Hilary Henkin"
"RAC10","Jack Farren"
"RtY10","Wilbur Stark"
"RtY15","Michael Shamberg, John Cleese"
"WlC10","Joseph T. Naar"
"WSt10","Derek Horne"
"AMy3","Tony Bill, Michael Phillips, Julia Phillips"
"AMy18","Paul Maslansky"
"APa5","David ttnam"
"APa6","ttnam"
"APa7","David deSilva, Alan Marshall"
"APa30","Robert Stigwood,,"
"CSe15","Phillipe Carcassonne"
"DDu10","Ralph J. Gleason"
"EdC10","Wolfgang Reinhardt"
"GKc4","Larry G. Spangler"
"GlJ10","D.Curtis"
"GlJ60","G.Jordan"
"IMi1","Buzz Feittshans"
"IWo40","David Permut, Barrie Osborne, Terence Chang, Christophe Godsick"
"JMP10","John Grissmer"
"KrD10","Anne Douglas"
"MCi1","Robert Daley"
"MCi2","Barry Spikins"
"MCi10","deLaurentiis"
"MiC5","Paul Lazarus~III"
"MiC11","John Foreman"
"MiC15","Martin Erlichman"
"MiC20","Howard Jeffrey"
"MMG10","Nina Schulman"
"RbC17","Raymond Chow"
"RCm10","Max Baer"
"RCm15","Sam Arkuff"
"ShM5","Max E. Youngstein, R.Corman"
"ShM15","Max E. Youngstein, R.Corman"
"SRd30","Sheila Nevin"
"TMa1","Malick, Pressman"
"TMa10","Bert Schneider, Harold Schneider"
"DaG6","Walter Mirisch"
"DaG10","William~Aldrich,"
"ERz6","Reitz"
"ERz10","Reitz"
"ERz18","Reitz"
"ERz19","Reitz"
"ERz21","Reitz"
"GNe5","Ron Miller"
"ICa9","Turman, David Foster"
"ICa20","B? Bodner"
"ICa27","Sandy King"
"JDe1","Evelyn rcell"
"JDe3","Julie Corman"
"JDe5","Corman"
"JDe8","Michael Taylor, Dan Wigutow"
"JDe10","Terry Nelson"
"JDe15","Jerry Bick"
"JDe28","J.Demme, Edwaed Saxon"
"JHr10","Daniel Melmick"
"JHr20","Haley, David Niven~jr."
"JLe10","Richard C"
"JMS1","R.D.Silver"
"JMS9","Gary Foster, Willie Hunt"
"JSz3","Stephen Deutsch"
"JSz4","Stephen Deutsch"
"JSz10","Peter Shaw"
"JuJ1","Yves Rousset-Rouard"
"KBu50","Burns, Edward Miller"
"SBs10","Paul B. Radin"
"StC10","Corman"
"StC12","Ralph Serpe"
"ToH1","Hooper"
"ToH30","Golan, Yoram Globus"
"ClW20","Weill"
"DRi10","Elliott Kastner"
"DRi14","Dick Richards, Jerry~Bruckheimer"
"JCT1","Bertrand Javal"
"JiS10","Michael White"
"JKp18","Charles Rovin"
"JKp33","Sarah Pillsbury, Midge Sanford"
"MxA10","Gary Wiliams, Mickey Belski"
"NSg10","Fred Caruso"
"RaK5","Robert Stigwood, Allan Carr"
"RaK7","Kleiser"
"RKi10","Kibbee"
"TGi4","Gilliam"
"TGi5","Arnon Milchan"
"TNu3","Robert Enders"
"TNu10","Peter Snell"
"WHl2","Lawrence Gordon"
"WHl4","Laurence Gordon"
"WHl10","Lawrence Gordon"
"WHl30","Neil Canton"
"WWi10","Fred Weintraub"
"ARu4","Altman"
"ARu28","Robert Altaman"
"BeG10","R.Cohen, Jack Ballard"
"BBa1","L.C. Barreto"
"BrB10","Horton Foote, Robert Duvall"
"BrB20","D.Brown, R.Zanuck, L.F.Zanuck"
"CkB10","DFasvid Barber"
"GeO10","Brent Walker"
"ILn10","Allan F. Bodon"
"JFg10","Robert Daley"
"JoD9","Jon Davidson"
"JoD11","Ron Bottin"
"JoD20","Michael Finnel"
"JsF10","Fred Freeman, Lawrence J. Cohen"
"JsF20","Robert Halmas~jr., Pat Henson"
"LIC20","Bing Crosby"
"LIC30","Ransohoff"
"LIC40","Quimby"
"MLH5","Robert Enders"
"MLn10","M.Landon"
"MMi10","Corman"
"MMi21","Marty Simmons"
"MSz11","Hannah Weinstein"
"RHf10","James T. Aubrey~jr., Paul Lazurus~III"
"RHf20","Robert Solo"
"RHo1","Corman"
"RHo5","Brian Glazer"
"RHo10","Brian Grazer"
"RHo12","R.Zanuck, D.Brown, Lili Zanuck"
"RHo15","G.Lucas"
"RHo29","Brian Grazer"
"RHo34","Brian Grazer, Howard"
"RMr10","Mishkin"
"SRf21","Joel B. Michaels, Douglas Curtis"
"TKo22","John Milius, Buzz Feitshans"
"WGi5","David Sheldon, Hasrvey Flaxman"
"WGi15","Melvin Simon"
"WiW12","Don Guest, Anatole Dauman"
"WiW29","Dawn Steel, Arnon Milchan"
"AsL10","Milton Okun"
"CSr10","Emiliano Piedra"
"JNi20","Tom Erven, Harold Schneider"
"MPr1","Leonard Goldberg"
"MPr6","Howard C. Koch"
"OlH1","E.F. Doria"
"RCj10","Cardona"
"RCj11","Gerald Green"
"RDo10","Bernard Williams"
"RDo20","Laura Ziskin, Robert Garland"
"RDo30","William Sackheim, Scott Rudin"
"RDo32","David Forster, Lawrence Turman, John Alan Simon"
"RDo36","Gale Anne Hurd; Joseph M. Singer"
"RMY15","Michael Tannen"
"SCo10","David Hemmings"
"SRi2","Bruce Campbell"
"WSa5","Samuel W. Gelfman"
"WSa10","Marylin J. Tenser"
"AlB10","Charles Band, Frank Ray Perilli"
"CBP10","C.B.Pierce"
"DDy10","Tony Didio"
"DeJ10","Joseph Kane"
"DLy1","D.Lynch"
"DLy5","R.DeLaurentiis"
"DWr10","John Kemeny"
"FDG10","Gilroy"
"FGi20","Ariel Zeitman"
"FMx10","Art Linson"
"GeM5","Michael Edgley"
"GeM17","Neil Canton, PeterGuber, John Peters"
"HgS10","James Simmons"
"HoZ10","Alex Winitsky, Arlene Sellers"
"HoZ12","Peters, Streisand"
"HoZ14","Goldie Hawn"
"JCm5","G.A.Hurd"
"JCm10","G.A.Hurd"
"JCm13","G.A.Hurd"
"JCm20","Mario Kassar,"
"JCm28","J.Cameron, Jon Landau, Ray Santini"
"JTo7","Joseph Kanter"
"LCh4","L.Cohen"
"LCh10","Samuel Z. Ardkoff"
"PSc1","Don Guest"
"PSc10","John Milius"
"PSc12","Freddie Fields"
"PSc20","Charles Fries"
"PSc30","Gianni Quaranta"
"RHy10","Peter Snell"
"RoE10","Enders"
"RS1","David ttnam"
"RS3","Michael Deelet"
"RS8","Arnon Milchan"
"RS20","R.Scott, Roselyne Bosch"
"RS28","R.Scott, Roger Birnbaum, Demi Moore, Suzanne Todd"
"SRa5","Fred Bauer"
"TCh2","Howard Brown"
"WBe1","Beatty"
"WBe10","Beatty"
"Z7850","Billy Graham"
"AAl6","M.Bregman"
"AAl10","M.Bergman"
"AAl20","M.Bergman, Louis A. Stroller"
"ABr3","Mart Katz"
"BWN1","G.Lucas"
"CiS10","Robert E, Waters"
"EWS4","Gregory Hoblit"
"FWa10","Melvin Simon"
"GiA10","Margaret Fink"
"GiA30","Jan Chapman"
"HBe10","Bregman"
"HBe15","Rachel Pfeffer, Charles Mulvehill, Becker"
"Reid","Reid"
"MBr10","Don~Simpson, Jerry~Bruckheimer, Spielberg"
"MBr14","Brest"
"MBr19","Brest"
"MM10","M.Mann"
"MM20","Gene Kirkman, Howard W. Koch~jr."
"MLt10","Tom Holland"
"MRb10","Hal Barwood"
"MRb15","Koch, Hal Barwood"
"NiM5","Herb Jaffe"
"NiM20","Ismail Merchant"
"NiM30","Nimoy"
"NiM30","Rick Berman"
"RDS1","R.D.Silver"
"SDr1","Joel Freeman"
"SDr10","Aaron Spelling"
"SyS1","I.Winkler, Chartoff"
"SyS2","James D. Brubaker, Chartoff"
"Sys3","I.Winkler, Chartoff"
"WRi10","Frankenheimer"
"BBr10","Levine"
"EBi10","Robert Stigwood"
"ErK20","Ash K. Shah"
"ErK30","Alan Schecter"
"FRa10","Rademakers"
"GCl20","Menahem Golem"
"GMu21","Elliott Levine, x Rosenblatt"
"GMx3","Andre Link"
"GNs10","Ron Miller"
"GNs15","G.Nelson"
"HaR10","Matty Sims"
"HaR25","Edlund, Langston"
"IBy10","Alen Greisman, Michael Shamberg"
"IBy15","Robert P. Marcucci, Harry Bent"
"IMz10","Barry Hanson"
"IIr17","Peter Shaw, Eva Monley"
"IQd10","Julian Holloway, David Korda"
"IrW10","Wohl"
"ITr1","Sid Kroft"
"JGl10","Mark Buntzman"
"JiA1","Koch"
"JiA5","David Zucker, Jerry Zucker, J.Abrahams"
"JoS1","Hank Moonjean"
"JoS5","Guber, Peters"
"JoS12","Harper"
"JrF10","Martin Stanger"
"JsC10","Robert Christiansen, Rick Rosenberg"
"MHo10","deLaurentiis"
"MtD10","Stephen Freedman"
"MBm1","Louis A. Stroller, M.Bergman"
"MDa5","Gimbel"
"MDa10","Carter deHaven~jr"
"PAl14","Augustin Almodovar"
"PHa10","Hugh Heffner"
"PHa15","Bregman"
"RFM10","Stephen Friedman"
"RFM20","R.Maxwell"
"RGr10","Lawrence Gordon"
"RKa10","Robbie Robertson"
"RLi10","Robert Schaffel"
"RR2","Redford, Moctesuma Esparza"
"RR5","Redford"
"RSp24","Wilson, Barbara Broccolli"
"SBe10","X Newman"
"SvP10","Stv.Paul"
"TaH2","Gene Kirkwood, Koch"
"TaH5","Martin Elfand"
"TaH6","Jerry Brick"
"THu13","Ron Miller"
"THu25","Ann Kilmer Hanes, Mark Forster"
"THu30","Martin Jurow"
"VLo50","Lokkeberg"
"WaB10","J.Lang"
"WMi25","Miles, Rosenblum"
"AnB10","Mike Lobell"
"BoL10","Donald P. Borchers"
"BSe10","Peter Katz"
"BiP10","Sidney Beckman"
"CaG1","Turman, David Foster"
"DBd10","Don Boyd"
"DSt10","Jerry Tokovsky"
"DuM5","Bo Johnson"
"DuM10","David Roe"
"ErD10","Jack Wiener"
"FHe10","Edgar Ievens"
"FLg10","Laloggia, Charles M. Laloggia"
"Fro28","Halmi"
"GrB4","Harvey Bernard"
"GrB10","Gale Anne Hurd, Richard Kobritz"
"IG1","Cubby"
"IG2","Cubby"
"IG3","Cubby"
"IG5","Cubby"
"IG6","Cubby"
"JCp10","Joe Camp"
"JJB1","Daniel Odier, Irene Silberman"
"JnT10","Leonard Goldberg, Jerry Weintraub"
"MCb10","Matt Cimber"
"MLe10","Malcolm Leo, Andrew Solt"
"OlS18","A. Kittman Ho, Ol.Stone"
"OzS10","Richard Pryor"
"PAd1","Eleonore Adlon"
"PCx28","P.Cox"
"QMa10","McElroy"
"RFr15","H.A.Green"
"RLT10","Ronald Cohen"
"RMq8","Howard Kazanjian"
"RMq10","Ransohoff"
"RZe10","Spielberg, J.Silver"
"SHS5","Jerome Courtland"
"SHS10","James Hay"
"SMi10","Matt Williams"
"AmH10","C.o. Erickson"
"AmH20","Matty Sims"
"APy15","Ron Samuels"
"ARo10","Carolyn Pfeiffer"
"BLe1","Jerry Weintraub"
"BLe5","Mark Johnson"
"BLe5","Mark Johnson"
"BLe8","Mark Johnson"
"BLe11","Mark Johnson, B.Levinson, Beatty"
"BrP10","Paltrow"
"CDe10","Doug Claybourne, Buck Houghton"
"DaD10","Dino deLaurentis"
"DaV1","Marcel Dassault"
"DSW18","Robert Lawrence"
"GyM4","Jerry~Bruckheimer"
"GyM10","Alexander Rose"
"GyM20","Milchan"
"GyM22","Gey.Marshall"
"GyM30","Steve Tisch"
"HuH10","ttnam"
"IDu21","Kennedy, Miller"
"JPK10","Edie Landau, Ely Landau"
"JPK15","J.Lang"
"JMl1","Golan"
"JSo15","Robert Shaye"
"KFi10","Koch"
"KrK35","Leonardo delaFuento"
"LaK1","Fred T. Gallo"
"LaK2","L.Kasdan, Michael Shawberg"
"LaK13","L.Kasdan, Charles Okun, Michael Grillo"
"LaK18","Jim Wilson, Costner, L.Kasdan"
"NeJ10","Boorman"
"NeJ12","Chris Brown, Stephen Wooley"
"NeJ16","Art Linson"
"NeJ22","Stephen Wooley"
"PaB10","Robert Stigwood, Allan Carr"
"RiB1","Michael Gruskoff"
"RiB21","Lauren Lloyd, Wallis Nicita, Patrick Palmer"
"RiB25","Arnon Milchan, Michael Douglas, Rick Bieber"
"RiB30","Fritz Manes"
"RLo10","Alan E. Salke, Herbert Solow"
"RT20","Thom Mount"
"StL10","Lisberger, Kushner"
"SuS12","Sarah Pillsbury, Midge Sanford"
"SuS16","Mike Wise, Joel Tuber"
"UEd10","Hans H. Kadan"
"UEd25","deLaurentiis"
"WaW4","Tom Sternberg"
"WaW10","Ol.Stone"
"YlG10","Serif G\""oren"
"Z8210 I Married a Shadow","SL\Fr"
"Z8220 La Vie Continue","SU"
"AdL5","Don~Simpson, Jerry~Bruckheimer, Guber, Peters"
"AdL16","Sherry Lansing"
"AdL20","Mario Kassar, Joel B. Michaels"
"AJo10","Corman"
"AlJ1","Mel~Brooks"
"BMs10","Mattinsson"
"BSt5","Streisand, R.Andrews Lane"
"BSt15","Streisand, Milchan"
"DLo13","Bill Coker"
"DWi10","Rene Dupont"
"GCh10","Todd Black"
"GoR1","Reggio"
"JKw5","Martin Bregman"
"JKw10","Joe Wizan"
"JLB1","Eisner"
"JLB14","J.L.Brooks, Bridget Johnson, Kirstin"
"MaC1","Wayne Crawford, Andrew Lane"
"MaC10","Loan Stein, Karen Dorr"
"MaC11","Ray Stark"
"PGr5","David Payne"
"PGr10","Colin Callender, Walter Donohue"
"PRb1","P.Rosenberg"
"RbR3","Andrew Scheinman, R.Reiner"
"RbR12","Andrew Scheinman, R.Reiner"
"RMw10","Debra do Maio"
"RoD10","Coppola"
"RPe8","Michael Burns, Jon Slan"
"RPe12","William D. Witcliff"
"RWs10","Gary Gillingham"
"PBm1","Steve Tisch, John Avnet"
"TeB10","John Dark, Gower Frost"
"ToS1","Richard Shepard"
"ToS5","Jerry~Bruckheimer, Don~Simpson"
"ToS10","Don~Simpson, Jerry~Bruckheimer"
"ToS12","Don~Simpson , Jerry~Bruckheimer"
"ToS21","Don~Simpson , Jerry~Bruckheimer"
"ToS23","Wendy Finerman"
"HuW10","Paul Malansky"
"HuW22","Ned Tanen, Nancy Graham Tanen"
"IHu5","J.Hughes"
"IHu11","J.Hughes"
"IHu15","J.Hughes"
"IHu25","J.Hughes"
"JCi14","Jan Chapman"
"JlC4","E.Coen"
"JlC7","E.Coen, Mark Silverman"
"JlC10","E.Coen"
"JlC16","E.Coen"
"JI4","Yasushi Tamaoki, Seigo Hosogoe"
"JRu14","Mary Ann Page, J.Ruben"
"LeN3","H.Bennett"
"LeN4","H.Bennett"
"LeN12","Aumet, Werner"
"MSv1","D.Silver"
"MiR5","Simon Perry"
"MiR10","Simon Perry"
"MtB16","Rosilyn Heller, Jeff Bridges"
"NiC10","Gary Adelson, Edward O. Denault"
"PeM15","William S. Greenblatt"
"Pri2","Arnold Stiefel, Randy Phillips"
"RCn36","Rafaelli deLaurentiis"
"RhM34","Bregman, Michael Caine"
"RoJ1","ttnam"
"RTu1","Eastwood, Fritz Manes"
"RYo10","Albert S."
"AKo10","Golan, Yoram Globus"
"CLz1","Lanzman"
"DDe10","Deitch"
"IsS10","David ttnam"
"IsS11","Lajos Ovari, Babriella Grosz"
"ITu10","Nancy Tenenbaum, Brenda Goodman"
"JVm17","Vilsmaier"
"KBg8","J.Corman"
"KBg10","J.Corman, Robert Levy, Pater Abrahams"
"MDi10","Dan Wigutow, Mark Carliner"
"MaG10","Gisler"
"SiS10","Schonemann"
"TiB5","Michael Bender, Larry Wilson, Richard Hashimoto"
"TiB6","Jon Peters, Peter Guber"
"TiB17","Tim Burton, Larry Franco"
"ABu10","Edward Teets, A.Burns"
"APe10","Hilton A. Green"
"BrG10","Freddie Fields"
"BrG28","I.Winkler"
"HoD10","J.Hughes"
"JeL10","Raymond Wagner"
"MrD2","Donovan"
"PFa1","Cornell"
"PFa10","J.Hughes, Richard Rave"
"RnF10","Mark Magdison"
"RnF14","Mark Magdison"
"SpJ3","Spike~Lee"
"SpJ4","Spike~Lee"
"SpJ5","Spike~Lee"
"SpJ6","Spike~Lee"
"SpJ7","Spike~Lee"
"SpJ8","Spike~Lee"
"SpJ11","Spike~LEE, John Kilik"
"Z8630","Fount le Roy"
"ARb1","Ronald L. Schway"
"CCo3","J.Hughes"
"CCo5","J.Hughes"
"CCo6","M.G.Williams, Robin Williams, Havey Fierstein, Mark Radcliffe"
"CCo10","J.Hughes"
"DMa12","Gene Kirkwood, John Hyde"
"EAr10","Dawn Steele"
"EAr12","Ardolino, Gilmore"
"ElB10","Linda Gottlieb"
"Bergstein","Bergstein"
"JWy10","Corman"
"JWy15","Paul Hertzberg"
"LVa10","Hackford, Bill Borden"
"MkR10","Phil Parslow"
"MzI10","Ernesto diSarro"
"NMv1","Silvia d'Amico Bendico, CarloCucchi"
"RHv10","Barry Oppen, Harvey"
"VSa10","Coppola"
"VSa18","Roger Birnbaum, Daniel Grodnick"
"ABi10","Norma Heyman"
"ADv17","Arnold Kopelson"
"ADv22","Arnold Koppelson, Anne Koppelson, Christopher Mankewicz, Peter MacGregor Scott"
"AgH1","David tnam"
"AgH15","Coppola, Fred Fuchs, Fred Roos, Tom Luddy"
"AHo1","Julie Corman"
"BZi10","George Korda"
"CBx10","J.Silver"
"CCr10","Alan Barnette"
"CEd10","John Brabourne, Richard Goodwin"
"CEd20","Edzard"
"ClD1","Belmondo"
"DGr1","Norma Heyman"
"GrA10","Marcus Hu, Jon Gerrans"
"GvR10","Ilona Herzberg, Sheldon Kahn"
"GvS2","Nick Wechsler, Karen Murphy"
"GvS11","Lawrence Bender, Chris Moore"
"HeW1","Alan King, Billy Chrystal, Michael Hertzberg"
"HWi10","William Hill"
"IBC10","Hal Reed, Igo Kantor"
"ICo10","Jane Scott"
"IlM10","Fournasakis"
"IMT10","J.Silver"
"KSR30","Corman"
"KSR35","A.Ruben"
"MFi16","R.Scott, Mimi Polk"
"RkM10","Ian Sander, Laura Ziskin"
"RNo20","Moyrat Noumanov, Noumanov"
"RSh5","Thom Mount, Mark Burg"
"RSh10","Don~Miller"
"RSh20","Gary Foster, David Lester"
"SLo2","Albert S. Ruddy, Andre Morgan"
"TAF10","Sam Braslau"
"Z0310","Ellwood Bud Kieser"
"BNu1","Christian Fechner, Isabelle Adjani"
"CaB1","Emmanuel Schlumberger, Valerie Seydoux"
"CCw2","C.Crowe, Richard Hashimoto"
"CCw5","J.L.Brooks, Richard Sakai, Laurence Mark, Cameron Crowe"
"DvJ1","John Bloom"
"EZw1","Freddie Fields"
"EZw4","Lindsay Doran"
"EZw7","John Davis"
"Amurri","Amurri"
"GCo1","Jaqueline Pierreux"
"GDG1","Joseph Stern"
"GTo1","Franco Christaldi"
"JJo5","Scott Kroopf, William Teitler"
"JSh1","Noel Parson"
"KBr10","S.Pollock"
"KBr12","Branagh"
"LPu1","Lois Bonfiglio"
"MNa13","Michael Nozik, Nair"
"MCJ1","Stephen Woolley"
"MCJ16","Richard Jackson"
"MiB10","Susam OConnell, Peter O. Almond"
"MLa10","Richard P. Rubenstein"
"MLm5","Schindler"
"MTU10","Calvin Skaggs"
"PhN14","Mace Nefer, Rich Rheiner"
"PhN17","J.Koch"
"SKo1","Paula A. Weinstein, Mark Rosenberg"
"TBi10","Nigel Safford Clark"
"THy10","Christine Vachon"
"WHB10","Yoram Globus"
"WSh1","H.Bennett"
"ACu15","Pollock"
"AGo10","Vishwanadhan"
"AMz5","Chuck Russell"
"APk10","Danny Krausz, Milan Dor"
"APl10","Palekar"
"FFf10","Aida Young"
"GaO10","Alan B. Bursteen"
"GeA10","J.Demme, Fred Ward"
"GSl12","Larry Brezner, Paul Schiff"
"HoF10","Robert Gremla, Bill Murray"
"IDa14","?. Sightvassen"
"IDa19","Joel Stellerman,"
"IMN15","Scorsese"
"IsF10","Wells"
"JFC10","Don Parker"
"JGb10","J.Gibbons, Breer"
"JmZ10","Jeffrey R. Neuman"
"JnL12","Dale Launer, Paul Schiff"
"JWB10","Richard Sadler, Henri Lange"
"LuM10","Mark Rosenburg,, Amy Robinson, G.Dunne"
"LuM13","D.Constantine Conte"
"LuM16","Jordan Kerner, John Avnet"
"LyD10","Dayton"
"MiJ5","Mario Kassar, Dan Melmick"
"MiJ10","L.Kasdan, Jim Wilson, Kevin Costner"
"MiJ12","Richard D. Zanuck, lilli Fini Zanuck"
"MYa20","Masaru Koibuchi, Yanagimachi"
"ReH10","J.Silver"
"RHr8","Joel Silver"
"RHr12","Arnon Milchan, Tony homopoulis, Hunt Lowry"
"RnH13","Brian Grazer, Warrington Hudlin"
"RPr10","Preuss, Bonnie Sugar"
"YaY10","Ashol Amitraj"
"Z9030","P. Henson"
"ADz10","Oliver Stone, Janet Yang"
"AGl12","Lee Rich, Glimcher, Steve Perry"
"AMi10","Robert Coup"
"AMi12","Saul Zaentz"
"ASi10","Arlene Sitaris"
"BDu3","David Brown, Sophie Hurst, Bonnie Palef"
"BDu10","Mancusi"
"BSo1","Scott Rudin"
"BSo5","Scott Rudin"
"BSo6","Brian Grazer"
"BSo8","deVito"
"DKl10","Corman"
"DMH10","McHenry"
"DZu12","Bob Weiss"
"FrG10","Ovdio GG. Assinitis, Kenichi Tominaga. Frederico Prorperi"
"FrH10","Roy McAree"
"FWs10","F.williamon"
"FxB10","George Zaloom, Les Mayfield"
"HyS10","T.Burton"
"IBl15","Berrie M. Osborne"
"ISn4","J.Singleton, Paul Hall"
"JaR10","Manfred Dumick"
"JAv10","Avnet"
"JAv15","John Avnet, David Nicksay, John Kerner"
"KeR10","Costner, Jim Wilson"
"KeH10","Andre Harrell, Pam Gibson"
"KuA10","Pierre David"
"LFZ1","R.Zanuck"
"MiH18","Leslie Urdang, M.Hoffman"
"MKi10","Richard N. Gladstein, Brian Yuzna"
"MRP14","Preston Holmes, Jim Steele"
"PGl10","Glickler"
"PRs10","Stephen Wooley"
"SHp5","Lawrence Gordon, Joel Silver, John Davis"
"SLe10","vanDamme"
"SLe12","vanDamme"
"VNf10","Regina Ziegler"
"AbH1","All.Hughes"
"AfA10","Arau"
"AnW10","Ellen Fisher Turk"
"AWk10","Mark Gordon, David V. Picker"
"BCr10","Crystal"
"BKi12","Peggy Raiski"
"CrB10","Arnon Milchan"
"CRd10","Christopher deFaria"
"CsS10","Derek Granger"
"DeR10","Alfredo Ringel"
"FLr10","Allan Siritski"
"GeE10","Robert Vince"
"HaK20","Nora Armani"
"Kerkhof","Kerkhof"
"ILs10","Leslie"
"IMu10","Musker, Ron Clements"
"Richet","Richet"
"JoM10","Linda House"
"JoM15","Robert Redford"
"KOr2","David Kirschner, Steven Haft"
"KSt10","Rodman Flender"
"LuC10","Carra, M.Cotnoir"
"MkG15","Mark Carliner"
"MLs10","Dale Pollock, Lianne Halfon, Wolfgang Glattes"
"MMz10","Vittoria Principal"
"NoE1","Obst"
"NoE3","Obst, Mary Foster"
"RlE20","Dean Devlin"
"RMc10","Ashok Amitrai"
"RMg15","Mugge"
"SHD10","Kees Ryninks"
"VCy10","Jiri Jezek"
"ARw12","SU"
"ABo10","Mark Borman, Richard Raddon"
"BeM10","Michael Uslan"
"DAP10","Chris Hegedus"
"DME10","delaTorre, Gilmore"
"DRz10","Jean-Stephanie Michaux"
"DZo10","Spielberg?"
"GGM10","Abdullah Ommidvar"
"Schyfter","Schyfter"
"IMd17","Harvey Weinstein"
"JTu10","Dawn Steele"
"KHt1","Diane Mei Lin Mark, Lisa Onodera"
"NkM10","Lila Cazes"
"RbH10","Craig Baumgarten, Gary Adelson"
"RHk10","Stu Segall"
"RkK10","David Lancaster"
"RWg10","Eric Heurant, Jeanne Adadre"
"SiW8","R.Donner, Arnon Milchan, Lauren Shuler-Donner, Harry Tugend"
"SiW10","P.Hogan"
"SiW13",", Alan Ladd~jr."
"TCr10","Pollock"
"WhR10","Bob Gosse, Larry Meistrich"
"AdS10","SU"
"ARk12","Bruce Wyman,"
"BnS10","deVito, Michael Shamberg"
"BnS15","Andrew Light, Jeffrey A. Mueller, Judd Apatow"
"DAl10","Scorsese"
"DvC10","Betsy Thompson"
"FDa10","Niki Marvin"
"GGC10","Beatty"
"IsM14","Ivory"
"JDB10","Mark Gordon"
"JSy10","Dana Lustig, Ram Bergman, Seymour"
"LMg10","David Thompson"
"MdJ10","Renee Scholten"
"MkT10","Alan Greisman, Devra Greenfield"
"MtC12","Cubby, Michael Wilson, Barbara Broccoli"
"MtC15",", David Foster"
"PaW10","Wagneer, Ellen Vasey Wagner"
"PFr12","Brad Krevoy, Steve Stabler,Bradley Thomas"
"PJH14","Zucker, Ronald Bass"
"PRJ10","J.Hughes"
"PSe10","D.Zucker"
"PlW10","Billy Crystal"
"RTr10","Guinevere Turner, Roche"
"SSl1","Seagal, Julius R. Nasso, A.Kittman Ho"
"YSt10","Strom, Bernard Berkin"
"BTh10","Sherwood Schwartz, Lloyd J. Schwartz, David Kirkpatrick"
"DBo6","SPolygram"
"DBo10","Andrew MacDonald"
"DBo12","Andrew MacDonald"
"DSa10","Tony To"
"JPy10","Reitman"
"MBy1","Don~Simpson , Jerry~Bruckheimer"
"MBy2","Don~Simpson, Jerry~Bruckheimer"
"MBy5","Jerry Bruckheimer"
"MGo10","Lisa Katselas Pare, Stephen Bayly"
"DTw10","SOrion"
"GHb10","Gary Luccesi"
"JtF3","Rick Berman"
"JuS10","John Klik, Sigurjon Sighvatsson, Randy Ostrow"
"Calendar Girl","SColumbia"
"LOb10","Obst"
"PDe10","John Watson, Richard B.\ Lews, Pen Densham"
"SBd10","Joel Silver"
"SBu10","Buscemi"
"WeA1","James L.Brooks"
"BRa10","Walter Coblenz, Tracy Kramer"
"BSp12","Uri Fructman,"
"BtS10","Spicer"
"GfD11","Denise diNovi"
"GrN10","Robert Katz"
"GVe10","Allan Richy, Ludwig"
"HyK10","Cary Woods"
"IPq10","Brian Reilly"
"JDy10","Douglas Wick"
"JiG10","Neal H. Moritz, Erik Feig, Stokeley Chafen"
"KLe1","Caldecott Chubb, Samuel L. Jackson"
"Mayfield","Mayfield"
"MmL10","Walter Parkes, Branko Lusti"
"MmL12","Richard, Zanuck, David Brown"
"PCa10","Pazioli"
"PtC10","Sarah Pillsbury, Mifdge Sanford, Kte Capshaw"
"ScW10","Tom Rosenberg, Alan Parke"
"SKe10","SU"
"SmW1","Jerry~Bruckheimer"
"Nelson","Nelson"
"TSy10","Brian Grant"
"Z9730","Rysher"
"ACh10","Hark"
"DEl10","Tag Mendillo, Andrew Form, Rick Lashbrook"
"GGy10","David Hoberman, Milchan"
"JKt10","Katzenberg"
"MSJ10","Laurence Usher, Roger Birnbaum"
"SDv10","Dragan Bjelogric"
"SfS10","Richard Holmes, Glynis Murray"
"TyK10","Steve Tisch"
"Z9830","Robert Helmi"
"GSn10","Chris ODonnell"
"JnC1td> Xiu Xiu: The Sent Down Girl","SU"
"RGo10","Abby Kohn, Marc Silverstein, Drew Barrymore"
"Z9950","Randy French"
